{
    "(0.4590862145959271, 0.4611583713499077, 0.472960002839009)": {
        "seed": 119,
        "weigh_dacay": 0.0001,
        "lr": 0.001,
        "drop_out": 0.7,
        "threshold": 2.7
    }
}