{
    "(0.5601420425847388, 0.5682674923486897, 0.6131089639237528)": {
        "seed": 119,
        "weigh_dacay": 0.0001,
        "lr": 0.001,
        "drop_out": 0.7,
        "threshold": 2.7
    }
}