{
    "(0.19744003906890709, 0.20820542772256131, 0.24224526104612423)": {
        "seed": 119,
        "weigh_dacay": 0.0001,
        "lr": 0.001,
        "drop_out": 0.7,
        "threshold": 2.7
    }
}