/Users/jylee/Desktop/RAP/SHINE-EMNLP21/ablation_no-phrase-tag-no-phrase/utils.py:9: UserWarning: To copy construct from a tensor, it is recommended to use sourceTensor.clone().detach() or sourceTensor.clone().detach().requires_grad_(True), rather than torch.tensor(sourceTensor).
  return torch.tensor(dicts[dict_type], dtype=torch.float, device=device)
01 (344, 29)
11 (29, 29)
22 (1194, 1194)
03 (344, 96)
33 (96, 96)
44 (1708, 1708)
5 1023
5 100
train samples:  192
[139, 60, 204, 186, 207, 193, 224, 209, 115, 219]
valid samples:  48
[24, 6, 93, 109, 104, 172, 233, 86, 9, 143]
test samples:  104
[240, 241, 242, 243, 244, 245, 246, 247, 248, 249]
data process time: 0.08785700798034668
[3, 200, 200, 200, 200, 200, 200]
in_fea_final:  600
in_features_dim [0, 29, 1194, 96, 1708, 100, 900]
out_features_dim [3, 200, 200, 200, 200, 200, 200]
261,203 training parameters.
Epoch 1  loss: 1.0973 acc: 0.3698 time0.0733
Epoch 1  loss: 1.0867 acc: 0.4427 Valid  loss: 1.0776  acc: 0.4792  macro_f1: 0.2160  micro_f1: 0.4792
Test  loss: 1.0932 acc: 0.3365 macro f1: 0.1679 macro precision: 0.1122 macro recall: 0.3333 time: 0.0149
Epoch 2  loss: 1.0900 acc: 0.4427 time0.0282
Epoch 2  loss: 1.0795 acc: 0.4427 Valid  loss: 1.0636  acc: 0.4792  macro_f1: 0.2160  micro_f1: 0.4792
Test  loss: 1.0917 acc: 0.3365 macro f1: 0.1679 macro precision: 0.1122 macro recall: 0.3333 time: 0.0135
Epoch 3  loss: 1.0806 acc: 0.4479 time0.0254
Epoch 3  loss: 1.0718 acc: 0.4427 Valid  loss: 1.0461  acc: 0.4792  macro_f1: 0.2160  micro_f1: 0.4792
Test  loss: 1.0931 acc: 0.3365 macro f1: 0.1679 macro precision: 0.1122 macro recall: 0.3333 time: 0.0123
Epoch 4  loss: 1.0708 acc: 0.4427 time0.0235
Epoch 4  loss: 1.0668 acc: 0.4427 Valid  loss: 1.0307  acc: 0.4792  macro_f1: 0.2160  micro_f1: 0.4792
Test  loss: 1.0995 acc: 0.3365 macro f1: 0.1679 macro precision: 0.1122 macro recall: 0.3333 time: 0.0127
Epoch 5  loss: 1.0750 acc: 0.4427 time0.0221
Epoch 5  loss: 1.0649 acc: 0.4427 Valid  loss: 1.0201  acc: 0.4792  macro_f1: 0.2160  micro_f1: 0.4792
Test  loss: 1.1057 acc: 0.3365 macro f1: 0.1679 macro precision: 0.1122 macro recall: 0.3333 time: 0.0124
Epoch 6  loss: 1.0546 acc: 0.4427 time0.0235
Epoch 6  loss: 1.0607 acc: 0.4427 Valid  loss: 1.0110  acc: 0.4792  macro_f1: 0.2160  micro_f1: 0.4792
Test  loss: 1.1078 acc: 0.3365 macro f1: 0.1679 macro precision: 0.1122 macro recall: 0.3333 time: 0.0148
Epoch 7  loss: 1.0462 acc: 0.4427 time0.0231
Epoch 7  loss: 1.0444 acc: 0.4427 Valid  loss: 1.0041  acc: 0.4792  macro_f1: 0.2160  micro_f1: 0.4792
Test  loss: 1.0934 acc: 0.3365 macro f1: 0.1679 macro precision: 0.1122 macro recall: 0.3333 time: 0.0132
Epoch 8  loss: 1.0348 acc: 0.4427 time0.0220
Epoch 8  loss: 1.0118 acc: 0.4427 Valid  loss: 0.9910  acc: 0.4792  macro_f1: 0.2160  micro_f1: 0.4792
Test  loss: 1.0600 acc: 0.3365 macro f1: 0.1679 macro precision: 0.1122 macro recall: 0.3333 time: 0.0117
Epoch 9  loss: 1.0109 acc: 0.4427 time0.0208
Epoch 9  loss: 0.9625 acc: 0.4427 Valid  loss: 0.9755  acc: 0.4792  macro_f1: 0.2160  micro_f1: 0.4792
Test  loss: 1.0176 acc: 0.3462 macro f1: 0.1839 macro precision: 0.4466 macro recall: 0.3409 time: 0.0128
Epoch 10  loss: 0.9727 acc: 0.4792 time0.0221
Epoch 10  loss: 0.9008 acc: 0.5677 Valid  loss: 0.9515  acc: 0.5833  macro_f1: 0.4040  micro_f1: 0.5833
Test  loss: 0.9760 acc: 0.5096 macro f1: 0.3807 macro precision: 0.3569 macro recall: 0.4658 time: 0.0126
Epoch 11  loss: 0.9389 acc: 0.5573 time0.0219
Epoch 11  loss: 0.8416 acc: 0.5781 Valid  loss: 0.9386  acc: 0.6042  macro_f1: 0.4223  micro_f1: 0.6042
Test  loss: 0.9458 acc: 0.5577 macro f1: 0.4206 macro precision: 0.3802 macro recall: 0.5037 time: 0.0118
Epoch 12  loss: 0.8752 acc: 0.5729 time0.0247
Epoch 12  loss: 0.7788 acc: 0.7396 Valid  loss: 0.9384  acc: 0.5417  macro_f1: 0.4333  micro_f1: 0.5417
Test  loss: 0.9060 acc: 0.6635 macro f1: 0.6463 macro precision: 0.7289 macro recall: 0.6503 time: 0.0119
Epoch 13  loss: 0.8198 acc: 0.7031 time0.0214
Epoch 13  loss: 0.7219 acc: 0.6823 Valid  loss: 0.9697  acc: 0.4792  macro_f1: 0.4004  micro_f1: 0.4792
Test  loss: 0.8538 acc: 0.5000 macro f1: 0.4657 macro precision: 0.5015 macro recall: 0.5579 time: 0.0118
Epoch 14  loss: 0.7543 acc: 0.7188 time0.0252
Epoch 14  loss: 0.6815 acc: 0.6667 Valid  loss: 1.0264  acc: 0.4583  macro_f1: 0.3750  micro_f1: 0.4583
Test  loss: 0.8618 acc: 0.5000 macro f1: 0.4645 macro precision: 0.5173 macro recall: 0.5579 time: 0.0118
Epoch 15  loss: 0.7142 acc: 0.7135 time0.0210
Epoch 15  loss: 0.6679 acc: 0.6667 Valid  loss: 1.1506  acc: 0.4375  macro_f1: 0.3408  micro_f1: 0.4375
Test  loss: 0.9267 acc: 0.5096 macro f1: 0.4766 macro precision: 0.5142 macro recall: 0.5616 time: 0.0119
Epoch 16  loss: 0.6559 acc: 0.7031 time0.0244
Epoch 16  loss: 0.6396 acc: 0.6667 Valid  loss: 1.2660  acc: 0.4583  macro_f1: 0.3716  micro_f1: 0.4583
Test  loss: 0.9546 acc: 0.5288 macro f1: 0.5059 macro precision: 0.5517 macro recall: 0.5710 time: 0.0120
Epoch 17  loss: 0.6193 acc: 0.7500 time0.0216
Epoch 17  loss: 0.6311 acc: 0.6719 Valid  loss: 1.3609  acc: 0.4792  macro_f1: 0.4156  micro_f1: 0.4792
Test  loss: 1.0001 acc: 0.5096 macro f1: 0.4927 macro precision: 0.5513 macro recall: 0.5577 time: 0.0126
Epoch 18  loss: 0.5838 acc: 0.7135 time0.0243
Epoch 18  loss: 0.5798 acc: 0.7552 Valid  loss: 1.4954  acc: 0.5208  macro_f1: 0.4436  micro_f1: 0.5208
Test  loss: 1.0962 acc: 0.6154 macro f1: 0.6078 macro precision: 0.6228 macro recall: 0.6335 time: 0.0127
Epoch 19  loss: 0.5462 acc: 0.7552 time0.0244
Epoch 19  loss: 0.5367 acc: 0.7865 Valid  loss: 1.5110  acc: 0.6250  macro_f1: 0.4583  micro_f1: 0.6250
Test  loss: 1.1273 acc: 0.6538 macro f1: 0.5697 macro precision: 0.7625 macro recall: 0.5927 time: 0.0118
Epoch 20  loss: 0.4962 acc: 0.7812 time0.0220
Epoch 20  loss: 0.5765 acc: 0.7552 Valid  loss: 1.7340  acc: 0.5833  macro_f1: 0.4343  micro_f1: 0.5833
Test  loss: 1.1772 acc: 0.6442 macro f1: 0.5459 macro precision: 0.7684 macro recall: 0.5735 time: 0.0144
Epoch 21  loss: 0.5661 acc: 0.7656 time0.0226
Epoch 21  loss: 0.5045 acc: 0.7500 Valid  loss: 1.7944  acc: 0.6250  macro_f1: 0.4546  micro_f1: 0.6250
Test  loss: 1.2860 acc: 0.6346 macro f1: 0.5210 macro precision: 0.7524 macro recall: 0.5661 time: 0.0118
Epoch 22  loss: 0.4779 acc: 0.7552 time0.0236
Epoch 22  loss: 0.5435 acc: 0.8021 Valid  loss: 1.9521  acc: 0.5625  macro_f1: 0.4063  micro_f1: 0.5625
Test  loss: 1.5099 acc: 0.6346 macro f1: 0.5811 macro precision: 0.7430 macro recall: 0.5930 time: 0.0118
Epoch 23  loss: 0.4628 acc: 0.7708 time0.0244
Epoch 23  loss: 0.4217 acc: 0.9062 Valid  loss: 2.2670  acc: 0.5417  macro_f1: 0.4532  micro_f1: 0.5417
Test  loss: 1.4022 acc: 0.7115 macro f1: 0.6751 macro precision: 0.7232 macro recall: 0.6708 time: 0.0127
Epoch 24  loss: 0.4130 acc: 0.8333 time0.0227
Epoch 24  loss: 0.4368 acc: 0.8646 Valid  loss: 2.5990  acc: 0.5208  macro_f1: 0.4661  micro_f1: 0.5208
Test  loss: 1.4877 acc: 0.7019 macro f1: 0.6946 macro precision: 0.6922 macro recall: 0.6996 time: 0.0126
Epoch 25  loss: 0.4377 acc: 0.8281 time0.0237
Epoch 25  loss: 0.4071 acc: 0.8958 Valid  loss: 2.3992  acc: 0.5417  macro_f1: 0.4805  micro_f1: 0.5417
Test  loss: 1.6925 acc: 0.6731 macro f1: 0.6669 macro precision: 0.7160 macro recall: 0.6616 time: 0.0122
Epoch 26  loss: 0.3584 acc: 0.8802 time0.0238
Epoch 26  loss: 0.3779 acc: 0.9010 Valid  loss: 2.4813  acc: 0.5417  macro_f1: 0.4805  micro_f1: 0.5417
Test  loss: 1.6771 acc: 0.6827 macro f1: 0.6776 macro precision: 0.7360 macro recall: 0.6692 time: 0.0126
Epoch 27  loss: 0.3623 acc: 0.8802 time0.0223
Epoch 27  loss: 0.3017 acc: 0.9219 Valid  loss: 2.7027  acc: 0.5208  macro_f1: 0.4655  micro_f1: 0.5208
Test  loss: 1.4358 acc: 0.7308 macro f1: 0.7141 macro precision: 0.7303 macro recall: 0.7090 time: 0.0125
Epoch 28  loss: 0.3265 acc: 0.8958 time0.0245
Epoch 28  loss: 0.2561 acc: 0.9271 Valid  loss: 2.5463  acc: 0.5625  macro_f1: 0.5047  micro_f1: 0.5625
Test  loss: 1.4824 acc: 0.7115 macro f1: 0.6969 macro precision: 0.7344 macro recall: 0.6881 time: 0.0118
Epoch 29  loss: 0.2712 acc: 0.9323 time0.0214
Epoch 29  loss: 0.2539 acc: 0.9219 Valid  loss: 2.4364  acc: 0.5625  macro_f1: 0.4686  micro_f1: 0.5625
Test  loss: 1.5088 acc: 0.6923 macro f1: 0.6631 macro precision: 0.7292 macro recall: 0.6595 time: 0.0118
Epoch 30  loss: 0.2642 acc: 0.9323 time0.0245
Epoch 30  loss: 0.2648 acc: 0.9219 Valid  loss: 2.3953  acc: 0.5625  macro_f1: 0.5014  micro_f1: 0.5625
Test  loss: 1.4773 acc: 0.7115 macro f1: 0.6944 macro precision: 0.7524 macro recall: 0.6881 time: 0.0131
Epoch 31  loss: 0.2836 acc: 0.9219 time0.0224
Epoch 31  loss: 0.2314 acc: 0.9167 Valid  loss: 2.7416  acc: 0.5417  macro_f1: 0.4823  micro_f1: 0.5417
Test  loss: 1.3831 acc: 0.7019 macro f1: 0.6993 macro precision: 0.7172 macro recall: 0.6997 time: 0.0119
Epoch 32  loss: 0.2150 acc: 0.9271 time0.0220
Epoch 32  loss: 0.2411 acc: 0.9219 Valid  loss: 2.7541  acc: 0.5000  macro_f1: 0.4507  micro_f1: 0.5000
Test  loss: 1.3758 acc: 0.7019 macro f1: 0.7005 macro precision: 0.7021 macro recall: 0.7073 time: 0.0132
Epoch 33  loss: 0.2298 acc: 0.9427 time0.0206
Epoch 33  loss: 0.2285 acc: 0.9271 Valid  loss: 2.4575  acc: 0.5417  macro_f1: 0.4520  micro_f1: 0.5417
Test  loss: 1.4396 acc: 0.6827 macro f1: 0.6807 macro precision: 0.7071 macro recall: 0.6788 time: 0.0124
Epoch 34  loss: 0.1793 acc: 0.9323 time0.0266
Epoch 34  loss: 0.3195 acc: 0.9010 Valid  loss: 2.6148  acc: 0.5833  macro_f1: 0.4798  micro_f1: 0.5833
Test  loss: 1.7706 acc: 0.6635 macro f1: 0.6417 macro precision: 0.7304 macro recall: 0.6407 time: 0.0126
Epoch 35  loss: 0.2148 acc: 0.9219 time0.0256
Epoch 35  loss: 0.2681 acc: 0.9219 Valid  loss: 2.6368  acc: 0.5833  macro_f1: 0.4835  micro_f1: 0.5833
Test  loss: 1.7386 acc: 0.6731 macro f1: 0.6561 macro precision: 0.7234 macro recall: 0.6482 time: 0.0118
Epoch 36  loss: 0.1903 acc: 0.9531 time0.0256
Epoch 36  loss: 0.1607 acc: 0.9479 Valid  loss: 2.7819  acc: 0.5833  macro_f1: 0.4868  micro_f1: 0.5833
Test  loss: 1.5282 acc: 0.7115 macro f1: 0.7031 macro precision: 0.7183 macro recall: 0.6976 time: 0.0140
Epoch 37  loss: 0.1641 acc: 0.9427 time0.0294
Epoch 37  loss: 0.1540 acc: 0.9583 Valid  loss: 2.7998  acc: 0.5625  macro_f1: 0.4741  micro_f1: 0.5625
Test  loss: 1.5711 acc: 0.7019 macro f1: 0.7022 macro precision: 0.7111 macro recall: 0.7016 time: 0.0152
Epoch 38  loss: 0.1402 acc: 0.9375 time0.0221
Epoch 38  loss: 0.1378 acc: 0.9688 Valid  loss: 2.7460  acc: 0.5625  macro_f1: 0.4650  micro_f1: 0.5625
Test  loss: 1.7615 acc: 0.6731 macro f1: 0.6670 macro precision: 0.7140 macro recall: 0.6577 time: 0.0147
Epoch 39  loss: 0.1219 acc: 0.9740 time0.0267
Epoch 39  loss: 0.1604 acc: 0.9583 Valid  loss: 2.7320  acc: 0.5833  macro_f1: 0.4828  micro_f1: 0.5833
Test  loss: 1.9285 acc: 0.6827 macro f1: 0.6708 macro precision: 0.7307 macro recall: 0.6615 time: 0.0131
Epoch 40  loss: 0.1503 acc: 0.9583 time0.0226
Epoch 40  loss: 0.1153 acc: 0.9792 Valid  loss: 2.8388  acc: 0.5833  macro_f1: 0.4830  micro_f1: 0.5833
Test  loss: 1.9191 acc: 0.6827 macro f1: 0.6719 macro precision: 0.7047 macro recall: 0.6653 time: 0.0118
Epoch 41  loss: 0.1173 acc: 0.9688 time0.0242
Epoch 41  loss: 0.1091 acc: 0.9740 Valid  loss: 3.0453  acc: 0.5833  macro_f1: 0.4868  micro_f1: 0.5833
Test  loss: 1.9262 acc: 0.6923 macro f1: 0.6780 macro precision: 0.6874 macro recall: 0.6748 time: 0.0128
Epoch 42  loss: 0.0984 acc: 0.9583 time0.0227
Epoch 42  loss: 0.1077 acc: 0.9740 Valid  loss: 3.1374  acc: 0.5625  macro_f1: 0.4705  micro_f1: 0.5625
Test  loss: 1.9998 acc: 0.6923 macro f1: 0.6710 macro precision: 0.6811 macro recall: 0.6671 time: 0.0127
Epoch 43  loss: 0.1064 acc: 0.9531 time0.0214
Epoch 43  loss: 0.1178 acc: 0.9792 Valid  loss: 2.8378  acc: 0.6250  macro_f1: 0.5154  micro_f1: 0.6250
Test  loss: 2.1527 acc: 0.6731 macro f1: 0.6666 macro precision: 0.7109 macro recall: 0.6577 time: 0.0119
Epoch 44  loss: 0.0800 acc: 0.9792 time0.0224
Epoch 44  loss: 0.1879 acc: 0.9583 Valid  loss: 2.8941  acc: 0.6250  macro_f1: 0.5136  micro_f1: 0.6250
Test  loss: 2.3964 acc: 0.6538 macro f1: 0.6431 macro precision: 0.6937 macro recall: 0.6407 time: 0.0118
Epoch 45  loss: 0.1095 acc: 0.9688 time0.0229
Epoch 45  loss: 0.0996 acc: 0.9844 Valid  loss: 3.0035  acc: 0.6250  macro_f1: 0.5154  micro_f1: 0.6250
Test  loss: 2.3246 acc: 0.6731 macro f1: 0.6625 macro precision: 0.6925 macro recall: 0.6597 time: 0.0125
Epoch 46  loss: 0.1086 acc: 0.9635 time0.0224
Epoch 46  loss: 0.0757 acc: 0.9896 Valid  loss: 3.1923  acc: 0.6250  macro_f1: 0.5186  micro_f1: 0.6250
Test  loss: 2.3665 acc: 0.6923 macro f1: 0.6813 macro precision: 0.6962 macro recall: 0.6787 time: 0.0121
Epoch 47  loss: 0.0420 acc: 0.9896 time0.0251
Epoch 47  loss: 0.0736 acc: 0.9844 Valid  loss: 3.3790  acc: 0.6042  macro_f1: 0.5029  micro_f1: 0.6042
Test  loss: 2.4139 acc: 0.6827 macro f1: 0.6728 macro precision: 0.6869 macro recall: 0.6691 time: 0.0123
Epoch 48  loss: 0.0664 acc: 0.9688 time0.0246
Epoch 48  loss: 0.0897 acc: 0.9844 Valid  loss: 3.3681  acc: 0.6042  macro_f1: 0.5023  micro_f1: 0.6042
Test  loss: 2.5766 acc: 0.6731 macro f1: 0.6551 macro precision: 0.6793 macro recall: 0.6500 time: 0.0132
Epoch 49  loss: 0.0650 acc: 0.9740 time0.0222
Epoch 49  loss: 0.1039 acc: 0.9792 Valid  loss: 3.2628  acc: 0.6458  macro_f1: 0.5341  micro_f1: 0.6458
Test  loss: 2.8432 acc: 0.6731 macro f1: 0.6625 macro precision: 0.6925 macro recall: 0.6597 time: 0.0117
Epoch 50  loss: 0.0764 acc: 0.9792 time0.0277
Epoch 50  loss: 0.1231 acc: 0.9688 Valid  loss: 3.2780  acc: 0.6250  macro_f1: 0.5158  micro_f1: 0.6250
Test  loss: 2.9824 acc: 0.6731 macro f1: 0.6626 macro precision: 0.6969 macro recall: 0.6616 time: 0.0155
Best validation: VALID ACC 0.5416666865348816  MACRO F1 0.43333333333333335 MICRO F1 0.5416666666666666 EPOCH 12
Best test: TEST ACC 0.7307692170143127 TEST F1 0.7141148325358851 TEST PRECISION 0.7302777453611857 TEST RECALL 0.7089610389610389 EPOCH 27
Epoch 51  loss: 0.0663 acc: 0.9635 time0.0304
Epoch 51  loss: 0.0718 acc: 0.9896 Valid  loss: 3.5885  acc: 0.6458  macro_f1: 0.5324  micro_f1: 0.6458
Test  loss: 2.7446 acc: 0.6923 macro f1: 0.6818 macro precision: 0.6994 macro recall: 0.6806 time: 0.0124
Epoch 52  loss: 0.0575 acc: 0.9844 time0.0226
Epoch 52  loss: 0.0755 acc: 0.9844 Valid  loss: 4.0695  acc: 0.5417  macro_f1: 0.4559  micro_f1: 0.5417
Test  loss: 2.7906 acc: 0.6731 macro f1: 0.6590 macro precision: 0.6642 macro recall: 0.6557 time: 0.0121
Epoch 53  loss: 0.0762 acc: 0.9688 time0.0226
Epoch 53  loss: 0.0741 acc: 0.9896 Valid  loss: 3.8600  acc: 0.5833  macro_f1: 0.4859  micro_f1: 0.5833
Test  loss: 2.8734 acc: 0.6731 macro f1: 0.6625 macro precision: 0.6715 macro recall: 0.6596 time: 0.0120
Epoch 54  loss: 0.0412 acc: 0.9844 time0.0214
Epoch 54  loss: 0.1122 acc: 0.9844 Valid  loss: 3.6066  acc: 0.6875  macro_f1: 0.5659  micro_f1: 0.6875
Test  loss: 3.0843 acc: 0.6827 macro f1: 0.6641 macro precision: 0.6902 macro recall: 0.6615 time: 0.0118
Epoch 55  loss: 0.0326 acc: 0.9948 time0.0234
Epoch 55  loss: 0.1348 acc: 0.9740 Valid  loss: 3.6070  acc: 0.6458  macro_f1: 0.5341  micro_f1: 0.6458
Test  loss: 3.4471 acc: 0.6538 macro f1: 0.6344 macro precision: 0.6743 macro recall: 0.6350 time: 0.0122
Epoch 56  loss: 0.0666 acc: 0.9740 time0.0214
Epoch 56  loss: 0.0725 acc: 0.9896 Valid  loss: 3.9079  acc: 0.6667  macro_f1: 0.5490  micro_f1: 0.6667
Test  loss: 3.1888 acc: 0.6731 macro f1: 0.6677 macro precision: 0.6953 macro recall: 0.6655 time: 0.0119
Epoch 57  loss: 0.0357 acc: 0.9948 time0.0214
Epoch 57  loss: 0.0506 acc: 0.9896 Valid  loss: 4.3251  acc: 0.6042  macro_f1: 0.5029  micro_f1: 0.6042
Test  loss: 2.9384 acc: 0.6923 macro f1: 0.6772 macro precision: 0.6821 macro recall: 0.6787 time: 0.0119
Epoch 58  loss: 0.0415 acc: 0.9896 time0.0213
Epoch 58  loss: 0.0520 acc: 0.9896 Valid  loss: 4.7403  acc: 0.5417  macro_f1: 0.4556  micro_f1: 0.5417
Test  loss: 2.9256 acc: 0.6635 macro f1: 0.6503 macro precision: 0.6570 macro recall: 0.6462 time: 0.0119
Epoch 59  loss: 0.0239 acc: 0.9948 time0.0214
Epoch 59  loss: 0.0984 acc: 0.9740 Valid  loss: 4.5569  acc: 0.5833  macro_f1: 0.4855  micro_f1: 0.5833
Test  loss: 3.2613 acc: 0.6154 macro f1: 0.5884 macro precision: 0.6095 macro recall: 0.5833 time: 0.0117
Epoch 60  loss: 0.0757 acc: 0.9688 time0.0218
Epoch 60  loss: 0.0660 acc: 0.9896 Valid  loss: 4.1409  acc: 0.6667  macro_f1: 0.5490  micro_f1: 0.6667
Test  loss: 3.3098 acc: 0.6827 macro f1: 0.6702 macro precision: 0.6957 macro recall: 0.6673 time: 0.0120
Epoch 61  loss: 0.0260 acc: 0.9896 time0.0209
Epoch 61  loss: 0.0844 acc: 0.9792 Valid  loss: 4.0785  acc: 0.6458  macro_f1: 0.5308  micro_f1: 0.6458
Test  loss: 3.5972 acc: 0.6635 macro f1: 0.6528 macro precision: 0.6928 macro recall: 0.6560 time: 0.0126
Epoch 62  loss: 0.0615 acc: 0.9896 time0.0230
Epoch 62  loss: 0.0388 acc: 0.9896 Valid  loss: 4.3654  acc: 0.6042  macro_f1: 0.5058  micro_f1: 0.6042
Test  loss: 3.3245 acc: 0.6731 macro f1: 0.6629 macro precision: 0.6867 macro recall: 0.6674 time: 0.0125
Epoch 63  loss: 0.0400 acc: 0.9844 time0.0210
Epoch 63  loss: 0.0374 acc: 0.9896 Valid  loss: 4.9607  acc: 0.5417  macro_f1: 0.4586  micro_f1: 0.5417
Test  loss: 3.1719 acc: 0.6731 macro f1: 0.6558 macro precision: 0.6627 macro recall: 0.6539 time: 0.0121
Epoch 64  loss: 0.0275 acc: 0.9844 time0.0219
Epoch 64  loss: 0.0811 acc: 0.9844 Valid  loss: 4.9484  acc: 0.5625  macro_f1: 0.4698  micro_f1: 0.5625
Test  loss: 3.5160 acc: 0.6346 macro f1: 0.6125 macro precision: 0.6430 macro recall: 0.6042 time: 0.0121
Epoch 65  loss: 0.0531 acc: 0.9740 time0.0216
Epoch 65  loss: 0.1345 acc: 0.9792 Valid  loss: 4.8219  acc: 0.6042  macro_f1: 0.5017  micro_f1: 0.6042
Test  loss: 4.0526 acc: 0.6250 macro f1: 0.5929 macro precision: 0.6388 macro recall: 0.5871 time: 0.0120
Epoch 66  loss: 0.0460 acc: 0.9844 time0.0227
Epoch 66  loss: 0.0844 acc: 0.9896 Valid  loss: 4.8928  acc: 0.6250  macro_f1: 0.5173  micro_f1: 0.6250
Test  loss: 3.9278 acc: 0.6635 macro f1: 0.6518 macro precision: 0.6729 macro recall: 0.6443 time: 0.0126
Epoch 67  loss: 0.0114 acc: 1.0000 time0.0207
Epoch 67  loss: 0.0649 acc: 0.9896 Valid  loss: 5.1746  acc: 0.5833  macro_f1: 0.4893  micro_f1: 0.5833
Test  loss: 3.8067 acc: 0.6731 macro f1: 0.6577 macro precision: 0.6734 macro recall: 0.6597 time: 0.0118
Epoch 68  loss: 0.0361 acc: 0.9948 time0.0227
Epoch 68  loss: 0.0787 acc: 0.9896 Valid  loss: 5.3698  acc: 0.5625  macro_f1: 0.4776  micro_f1: 0.5625
Test  loss: 4.0365 acc: 0.6538 macro f1: 0.6459 macro precision: 0.6597 macro recall: 0.6561 time: 0.0118
Epoch 69  loss: 0.0441 acc: 0.9792 time0.0227
Epoch 69  loss: 0.0514 acc: 0.9948 Valid  loss: 5.6618  acc: 0.5417  macro_f1: 0.4609  micro_f1: 0.5417
Test  loss: 3.8737 acc: 0.6731 macro f1: 0.6642 macro precision: 0.6756 macro recall: 0.6712 time: 0.0124
Epoch 70  loss: 0.0249 acc: 0.9792 time0.0225
Epoch 70  loss: 0.0616 acc: 0.9896 Valid  loss: 5.5235  acc: 0.5625  macro_f1: 0.4727  micro_f1: 0.5625
Test  loss: 3.8283 acc: 0.6635 macro f1: 0.6431 macro precision: 0.6536 macro recall: 0.6425 time: 0.0119
Epoch 71  loss: 0.0241 acc: 0.9948 time0.0219
Epoch 71  loss: 0.0956 acc: 0.9844 Valid  loss: 5.6784  acc: 0.5625  macro_f1: 0.4707  micro_f1: 0.5625
Test  loss: 3.9888 acc: 0.6635 macro f1: 0.6473 macro precision: 0.6579 macro recall: 0.6424 time: 0.0121
Epoch 72  loss: 0.0117 acc: 1.0000 time0.0218
Epoch 72  loss: 0.1172 acc: 0.9792 Valid  loss: 5.8269  acc: 0.5833  macro_f1: 0.4857  micro_f1: 0.5833
Test  loss: 4.0566 acc: 0.6250 macro f1: 0.5969 macro precision: 0.6155 macro recall: 0.5929 time: 0.0124
Epoch 73  loss: 0.0355 acc: 0.9844 time0.0215
Epoch 73  loss: 0.0671 acc: 0.9844 Valid  loss: 6.0496  acc: 0.5625  macro_f1: 0.4704  micro_f1: 0.5625
Test  loss: 4.0042 acc: 0.6442 macro f1: 0.6239 macro precision: 0.6340 macro recall: 0.6195 time: 0.0135
Epoch 74  loss: 0.0232 acc: 0.9948 time0.0239
Epoch 74  loss: 0.0478 acc: 0.9896 Valid  loss: 5.9212  acc: 0.5833  macro_f1: 0.4876  micro_f1: 0.5833
Test  loss: 3.7935 acc: 0.6731 macro f1: 0.6577 macro precision: 0.6734 macro recall: 0.6597 time: 0.0124
Epoch 75  loss: 0.0118 acc: 0.9948 time0.0237
Epoch 75  loss: 0.0336 acc: 0.9948 Valid  loss: 5.3100  acc: 0.5625  macro_f1: 0.4673  micro_f1: 0.5625
Test  loss: 4.4191 acc: 0.6346 macro f1: 0.6233 macro precision: 0.6552 macro recall: 0.6313 time: 0.0119
Epoch 76  loss: 0.0307 acc: 0.9844 time0.0219
Epoch 76  loss: 0.0724 acc: 0.9896 Valid  loss: 5.3807  acc: 0.5833  macro_f1: 0.4826  micro_f1: 0.5833
Test  loss: 4.5147 acc: 0.6346 macro f1: 0.6233 macro precision: 0.6552 macro recall: 0.6313 time: 0.0122
Epoch 77  loss: 0.0638 acc: 0.9688 time0.0217
Epoch 77  loss: 0.0252 acc: 0.9948 Valid  loss: 6.7886  acc: 0.5625  macro_f1: 0.4730  micro_f1: 0.5625
Test  loss: 3.8398 acc: 0.6635 macro f1: 0.6531 macro precision: 0.6545 macro recall: 0.6597 time: 0.0122
Epoch 78  loss: 0.0114 acc: 0.9948 time0.0222
Epoch 78  loss: 0.1317 acc: 0.9740 Valid  loss: 7.5354  acc: 0.5625  macro_f1: 0.4704  micro_f1: 0.5625
Test  loss: 4.3760 acc: 0.6442 macro f1: 0.6294 macro precision: 0.6327 macro recall: 0.6310 time: 0.0117
Epoch 79  loss: 0.0721 acc: 0.9688 time0.0209
Epoch 79  loss: 0.0284 acc: 0.9896 Valid  loss: 7.2111  acc: 0.5625  macro_f1: 0.4704  micro_f1: 0.5625
Test  loss: 4.3819 acc: 0.6250 macro f1: 0.6044 macro precision: 0.6083 macro recall: 0.6024 time: 0.0121
Epoch 80  loss: 0.0100 acc: 0.9948 time0.0224
Epoch 80  loss: 0.0478 acc: 0.9948 Valid  loss: 6.5367  acc: 0.5625  macro_f1: 0.4730  micro_f1: 0.5625
Test  loss: 4.3113 acc: 0.6538 macro f1: 0.6336 macro precision: 0.6371 macro recall: 0.6349 time: 0.0118
Epoch 81  loss: 0.0147 acc: 0.9948 time0.0215
Epoch 81  loss: 0.0603 acc: 0.9948 Valid  loss: 6.1443  acc: 0.5833  macro_f1: 0.4876  micro_f1: 0.5833
Test  loss: 4.6278 acc: 0.6538 macro f1: 0.6400 macro precision: 0.6519 macro recall: 0.6426 time: 0.0118
Epoch 82  loss: 0.0054 acc: 1.0000 time0.0225
Epoch 82  loss: 0.0826 acc: 0.9896 Valid  loss: 5.8070  acc: 0.5417  macro_f1: 0.4536  micro_f1: 0.5417
Test  loss: 4.9088 acc: 0.6442 macro f1: 0.6321 macro precision: 0.6545 macro recall: 0.6370 time: 0.0123
Epoch 83  loss: 0.0309 acc: 0.9896 time0.0215
Epoch 83  loss: 0.0808 acc: 0.9896 Valid  loss: 5.9403  acc: 0.5625  macro_f1: 0.4704  micro_f1: 0.5625
Test  loss: 4.9572 acc: 0.6442 macro f1: 0.6338 macro precision: 0.6499 macro recall: 0.6427 time: 0.0124
Epoch 84  loss: 0.0409 acc: 0.9844 time0.0216
Epoch 84  loss: 0.0410 acc: 0.9948 Valid  loss: 7.2579  acc: 0.5208  macro_f1: 0.4439  micro_f1: 0.5208
Test  loss: 4.8247 acc: 0.6635 macro f1: 0.6532 macro precision: 0.6576 macro recall: 0.6617 time: 0.0119
Epoch 85  loss: 0.0164 acc: 0.9896 time0.0219
Epoch 85  loss: 0.0377 acc: 0.9948 Valid  loss: 7.7425  acc: 0.5000  macro_f1: 0.4268  micro_f1: 0.5000
Test  loss: 4.8506 acc: 0.6154 macro f1: 0.6074 macro precision: 0.6057 macro recall: 0.6121 time: 0.0119
Epoch 86  loss: 0.0169 acc: 0.9896 time0.0222
Epoch 86  loss: 0.0416 acc: 0.9948 Valid  loss: 7.4676  acc: 0.5208  macro_f1: 0.4413  micro_f1: 0.5208
Test  loss: 4.9827 acc: 0.6250 macro f1: 0.6088 macro precision: 0.6101 macro recall: 0.6082 time: 0.0118
Epoch 87  loss: 0.0092 acc: 0.9948 time0.0215
Epoch 87  loss: 0.0557 acc: 0.9948 Valid  loss: 6.8861  acc: 0.5417  macro_f1: 0.4556  micro_f1: 0.5417
Test  loss: 4.9351 acc: 0.6250 macro f1: 0.6058 macro precision: 0.6081 macro recall: 0.6044 time: 0.0127
Epoch 88  loss: 0.0101 acc: 1.0000 time0.0212
Epoch 88  loss: 0.0663 acc: 0.9948 Valid  loss: 6.2986  acc: 0.5833  macro_f1: 0.4876  micro_f1: 0.5833
Test  loss: 4.9812 acc: 0.6346 macro f1: 0.6126 macro precision: 0.6207 macro recall: 0.6140 time: 0.0128
Epoch 89  loss: 0.0067 acc: 1.0000 time0.0221
Epoch 89  loss: 0.0659 acc: 0.9948 Valid  loss: 6.2146  acc: 0.6042  macro_f1: 0.5023  micro_f1: 0.6042
Test  loss: 5.1063 acc: 0.6442 macro f1: 0.6266 macro precision: 0.6384 macro recall: 0.6293 time: 0.0121
Epoch 90  loss: 0.0225 acc: 0.9948 time0.0206
Epoch 90  loss: 0.0692 acc: 0.9896 Valid  loss: 6.0210  acc: 0.5625  macro_f1: 0.4676  micro_f1: 0.5625
Test  loss: 5.1806 acc: 0.6346 macro f1: 0.6225 macro precision: 0.6385 macro recall: 0.6274 time: 0.0119
Epoch 91  loss: 0.0177 acc: 0.9896 time0.0224
Epoch 91  loss: 0.0478 acc: 0.9948 Valid  loss: 6.4829  acc: 0.5417  macro_f1: 0.4576  micro_f1: 0.5417
Test  loss: 5.1757 acc: 0.6538 macro f1: 0.6473 macro precision: 0.6583 macro recall: 0.6541 time: 0.0119
Epoch 92  loss: 0.0036 acc: 1.0000 time0.0226
Epoch 92  loss: 0.0213 acc: 0.9948 Valid  loss: 6.9251  acc: 0.5208  macro_f1: 0.4439  micro_f1: 0.5208
Test  loss: 5.1658 acc: 0.6538 macro f1: 0.6453 macro precision: 0.6514 macro recall: 0.6522 time: 0.0120
Epoch 93  loss: 0.0152 acc: 0.9948 time0.0214
Epoch 93  loss: 0.0364 acc: 0.9948 Valid  loss: 6.7693  acc: 0.5000  macro_f1: 0.4272  micro_f1: 0.5000
Test  loss: 5.1675 acc: 0.6538 macro f1: 0.6433 macro precision: 0.6516 macro recall: 0.6484 time: 0.0117
Epoch 94  loss: 0.0019 acc: 1.0000 time0.0222
Epoch 94  loss: 0.0486 acc: 0.9948 Valid  loss: 6.3381  acc: 0.5625  macro_f1: 0.4719  micro_f1: 0.5625
Test  loss: 5.1462 acc: 0.6346 macro f1: 0.6222 macro precision: 0.6310 macro recall: 0.6255 time: 0.0117
Epoch 95  loss: 0.0046 acc: 1.0000 time0.0211
Epoch 95  loss: 0.0563 acc: 0.9948 Valid  loss: 5.9523  acc: 0.6042  macro_f1: 0.5014  micro_f1: 0.6042
Test  loss: 5.0715 acc: 0.6250 macro f1: 0.6056 macro precision: 0.6189 macro recall: 0.6064 time: 0.0124
Epoch 96  loss: 0.0064 acc: 1.0000 time0.0214
Epoch 96  loss: 0.0627 acc: 0.9948 Valid  loss: 5.7490  acc: 0.6250  macro_f1: 0.5173  micro_f1: 0.6250
Test  loss: 5.2209 acc: 0.6250 macro f1: 0.5992 macro precision: 0.6136 macro recall: 0.6006 time: 0.0118
Epoch 97  loss: 0.0045 acc: 1.0000 time0.0227
Epoch 97  loss: 0.0618 acc: 0.9948 Valid  loss: 5.7516  acc: 0.6250  macro_f1: 0.5173  micro_f1: 0.6250
Test  loss: 5.3050 acc: 0.6154 macro f1: 0.5852 macro precision: 0.6049 macro recall: 0.5873 time: 0.0120
Epoch 98  loss: 0.0201 acc: 0.9896 time0.0219
Epoch 98  loss: 0.0496 acc: 0.9948 Valid  loss: 6.3788  acc: 0.5833  macro_f1: 0.4865  micro_f1: 0.5833
Test  loss: 5.1799 acc: 0.6346 macro f1: 0.6224 macro precision: 0.6340 macro recall: 0.6255 time: 0.0118
Epoch 99  loss: 0.0013 acc: 1.0000 time0.0202
Epoch 99  loss: 0.0191 acc: 0.9948 Valid  loss: 6.5072  acc: 0.5208  macro_f1: 0.4407  micro_f1: 0.5208
Test  loss: 5.2113 acc: 0.6442 macro f1: 0.6341 macro precision: 0.6440 macro recall: 0.6388 time: 0.0121
Epoch 100  loss: 0.0022 acc: 1.0000 time0.0217
Epoch 100  loss: 0.0038 acc: 1.0000 Valid  loss: 6.8513  acc: 0.4792  macro_f1: 0.4094  micro_f1: 0.4792
Test  loss: 5.3366 acc: 0.6346 macro f1: 0.6233 macro precision: 0.6355 macro recall: 0.6332 time: 0.0124
Best validation: VALID ACC 0.5416666865348816  MACRO F1 0.43333333333333335 MICRO F1 0.5416666666666666 EPOCH 12
Best test: TEST ACC 0.7307692170143127 TEST F1 0.7141148325358851 TEST PRECISION 0.7302777453611857 TEST RECALL 0.7089610389610389 EPOCH 27
Epoch 101  loss: 0.0035 acc: 1.0000 time0.0218
Epoch 101  loss: 0.0004 acc: 1.0000 Valid  loss: 7.2637  acc: 0.4375  macro_f1: 0.3764  micro_f1: 0.4375
Test  loss: 5.2785 acc: 0.6442 macro f1: 0.6349 macro precision: 0.6490 macro recall: 0.6465 time: 0.0121
Epoch 102  loss: 0.0481 acc: 0.9844 time0.0223
Epoch 102  loss: 0.0404 acc: 0.9896 Valid  loss: 6.2395  acc: 0.5833  macro_f1: 0.4852  micro_f1: 0.5833
Test  loss: 5.3899 acc: 0.6442 macro f1: 0.6308 macro precision: 0.6497 macro recall: 0.6370 time: 0.0118
Epoch 103  loss: 0.0014 acc: 1.0000 time0.0212
Epoch 103  loss: 0.1250 acc: 0.9844 Valid  loss: 5.8019  acc: 0.5833  macro_f1: 0.4295  micro_f1: 0.5833
Test  loss: 5.8038 acc: 0.6058 macro f1: 0.5734 macro precision: 0.6319 macro recall: 0.5779 time: 0.0118
Epoch 104  loss: 0.0231 acc: 0.9896 time0.0204
Epoch 104  loss: 0.0930 acc: 0.9896 Valid  loss: 5.8675  acc: 0.6042  macro_f1: 0.4521  micro_f1: 0.6042
Test  loss: 5.8750 acc: 0.6154 macro f1: 0.5807 macro precision: 0.6324 macro recall: 0.5835 time: 0.0124
Epoch 105  loss: 0.0329 acc: 0.9948 time0.0214
Epoch 105  loss: 0.0621 acc: 0.9948 Valid  loss: 6.3545  acc: 0.6250  macro_f1: 0.5173  micro_f1: 0.6250
Test  loss: 5.4999 acc: 0.6058 macro f1: 0.5689 macro precision: 0.5902 macro recall: 0.5720 time: 0.0118
Epoch 106  loss: 0.0043 acc: 1.0000 time0.0222
Epoch 106  loss: 0.0407 acc: 0.9948 Valid  loss: 7.2475  acc: 0.5625  macro_f1: 0.4707  micro_f1: 0.5625
Test  loss: 5.4634 acc: 0.6250 macro f1: 0.6136 macro precision: 0.6188 macro recall: 0.6121 time: 0.0121
Epoch 107  loss: 0.0103 acc: 0.9948 time0.0223
Epoch 107  loss: 0.0237 acc: 0.9948 Valid  loss: 8.0007  acc: 0.5208  macro_f1: 0.4413  micro_f1: 0.5208
Test  loss: 5.2988 acc: 0.6346 macro f1: 0.6251 macro precision: 0.6278 macro recall: 0.6254 time: 0.0124
Epoch 108  loss: 0.0028 acc: 1.0000 time0.0217
Epoch 108  loss: 0.0060 acc: 0.9948 Valid  loss: 8.3769  acc: 0.5000  macro_f1: 0.4268  micro_f1: 0.5000
Test  loss: 5.1789 acc: 0.6250 macro f1: 0.6135 macro precision: 0.6123 macro recall: 0.6159 time: 0.0120
Epoch 109  loss: 0.0245 acc: 0.9896 time0.0209
Epoch 109  loss: 0.0303 acc: 0.9948 Valid  loss: 7.6899  acc: 0.5417  macro_f1: 0.4576  micro_f1: 0.5417
Test  loss: 5.4122 acc: 0.6635 macro f1: 0.6516 macro precision: 0.6599 macro recall: 0.6540 time: 0.0122
Epoch 110  loss: 0.0033 acc: 1.0000 time0.0260
Epoch 110  loss: 0.0591 acc: 0.9948 Valid  loss: 7.1941  acc: 0.5000  macro_f1: 0.4233  micro_f1: 0.5000
Test  loss: 5.4943 acc: 0.6635 macro f1: 0.6530 macro precision: 0.6652 macro recall: 0.6559 time: 0.0142
Epoch 111  loss: 0.0021 acc: 1.0000 time0.0244
Epoch 111  loss: 0.0752 acc: 0.9948 Valid  loss: 6.6700  acc: 0.5208  macro_f1: 0.3946  micro_f1: 0.5208
Test  loss: 5.7763 acc: 0.6538 macro f1: 0.6378 macro precision: 0.6692 macro recall: 0.6407 time: 0.0123
Epoch 112  loss: 0.0051 acc: 1.0000 time0.0230
Epoch 112  loss: 0.0860 acc: 0.9896 Valid  loss: 6.6503  acc: 0.5417  macro_f1: 0.4094  micro_f1: 0.5417
Test  loss: 5.9425 acc: 0.6250 macro f1: 0.6011 macro precision: 0.6377 macro recall: 0.6065 time: 0.0120
Epoch 113  loss: 0.0238 acc: 0.9844 time0.0224
Epoch 113  loss: 0.0772 acc: 0.9948 Valid  loss: 6.5506  acc: 0.5417  macro_f1: 0.4078  micro_f1: 0.5417
Test  loss: 5.8701 acc: 0.6250 macro f1: 0.6011 macro precision: 0.6327 macro recall: 0.6045 time: 0.0118
Epoch 114  loss: 0.0280 acc: 0.9948 time0.0223
Epoch 114  loss: 0.0533 acc: 0.9948 Valid  loss: 7.1235  acc: 0.5625  macro_f1: 0.4727  micro_f1: 0.5625
Test  loss: 5.4916 acc: 0.6538 macro f1: 0.6400 macro precision: 0.6519 macro recall: 0.6426 time: 0.0121
Epoch 115  loss: 0.0010 acc: 1.0000 time0.0219
Epoch 115  loss: 0.0355 acc: 0.9948 Valid  loss: 7.7838  acc: 0.5417  macro_f1: 0.4559  micro_f1: 0.5417
Test  loss: 5.5032 acc: 0.6346 macro f1: 0.6214 macro precision: 0.6267 macro recall: 0.6197 time: 0.0121
Epoch 116  loss: 0.0009 acc: 1.0000 time0.0213
Epoch 116  loss: 0.0143 acc: 0.9948 Valid  loss: 8.3108  acc: 0.5417  macro_f1: 0.4566  micro_f1: 0.5417
Test  loss: 5.5735 acc: 0.6250 macro f1: 0.6094 macro precision: 0.6111 macro recall: 0.6082 time: 0.0118
Epoch 117  loss: 0.0607 acc: 0.9792 time0.0212
Epoch 117  loss: 0.0002 acc: 1.0000 Valid  loss: 7.9184  acc: 0.5208  macro_f1: 0.4423  micro_f1: 0.5208
Test  loss: 5.4969 acc: 0.6538 macro f1: 0.6405 macro precision: 0.6447 macro recall: 0.6464 time: 0.0119
Epoch 118  loss: 0.0047 acc: 1.0000 time0.0214
Epoch 118  loss: 0.0031 acc: 1.0000 Valid  loss: 7.6468  acc: 0.4792  macro_f1: 0.4077  micro_f1: 0.4792
Test  loss: 5.6868 acc: 0.6346 macro f1: 0.6227 macro precision: 0.6452 macro recall: 0.6352 time: 0.0123
Epoch 119  loss: 0.0448 acc: 0.9792 time0.0217
Epoch 119  loss: 0.1560 acc: 0.9740 Valid  loss: 6.9111  acc: 0.5417  macro_f1: 0.4042  micro_f1: 0.5417
Test  loss: 5.9648 acc: 0.6442 macro f1: 0.6235 macro precision: 0.6723 macro recall: 0.6313 time: 0.0126
Epoch 120  loss: 0.0471 acc: 0.9740 time0.0211
Epoch 120  loss: 0.2162 acc: 0.9688 Valid  loss: 6.1619  acc: 0.5833  macro_f1: 0.4356  micro_f1: 0.5833
Test  loss: 5.9479 acc: 0.6058 macro f1: 0.5743 macro precision: 0.6389 macro recall: 0.5779 time: 0.0121
Epoch 121  loss: 0.0897 acc: 0.9740 time0.0219
Epoch 121  loss: 0.0360 acc: 0.9948 Valid  loss: 7.4170  acc: 0.5625  macro_f1: 0.4707  micro_f1: 0.5625
Test  loss: 5.3697 acc: 0.6538 macro f1: 0.6345 macro precision: 0.6444 macro recall: 0.6329 time: 0.0119
Epoch 122  loss: 0.0037 acc: 1.0000 time0.0213
Epoch 122  loss: 0.0260 acc: 0.9948 Valid  loss: 9.5248  acc: 0.5417  macro_f1: 0.4550  micro_f1: 0.5417
Test  loss: 5.9590 acc: 0.6058 macro f1: 0.5898 macro precision: 0.5945 macro recall: 0.5929 time: 0.0122
Epoch 123  loss: 0.1133 acc: 0.9740 time0.0214
Epoch 123  loss: 0.0027 acc: 1.0000 Valid  loss: 9.0908  acc: 0.5000  macro_f1: 0.4265  micro_f1: 0.5000
Test  loss: 5.3897 acc: 0.6154 macro f1: 0.6046 macro precision: 0.6082 macro recall: 0.6102 time: 0.0124
Epoch 124  loss: 0.0927 acc: 0.9531 time0.0222
Epoch 124  loss: 0.1131 acc: 0.9896 Valid  loss: 6.7800  acc: 0.5833  macro_f1: 0.4364  micro_f1: 0.5833
Test  loss: 5.5791 acc: 0.6346 macro f1: 0.6132 macro precision: 0.6301 macro recall: 0.6159 time: 0.0122
Epoch 125  loss: 0.0013 acc: 1.0000 time0.0226
Epoch 125  loss: 0.5794 acc: 0.9323 Valid  loss: 6.1250  acc: 0.6250  macro_f1: 0.4617  micro_f1: 0.6250
Test  loss: 6.4051 acc: 0.6154 macro f1: 0.5753 macro precision: 0.6769 macro recall: 0.5855 time: 0.0119
Epoch 126  loss: 0.2576 acc: 0.9323 time0.0223
Epoch 126  loss: 0.1878 acc: 0.9688 Valid  loss: 6.1095  acc: 0.5625  macro_f1: 0.4162  micro_f1: 0.5625
Test  loss: 5.9289 acc: 0.6250 macro f1: 0.6062 macro precision: 0.6649 macro recall: 0.6045 time: 0.0123
Epoch 127  loss: 0.0340 acc: 0.9896 time0.0223
Epoch 127  loss: 0.0697 acc: 0.9948 Valid  loss: 6.6388  acc: 0.6250  macro_f1: 0.5173  micro_f1: 0.6250
Test  loss: 5.3483 acc: 0.6442 macro f1: 0.6268 macro precision: 0.6412 macro recall: 0.6293 time: 0.0119
Epoch 128  loss: 0.0087 acc: 0.9948 time0.0221
Epoch 128  loss: 0.0394 acc: 0.9948 Valid  loss: 7.8495  acc: 0.5417  macro_f1: 0.4559  micro_f1: 0.5417
Test  loss: 5.4729 acc: 0.6346 macro f1: 0.6198 macro precision: 0.6206 macro recall: 0.6235 time: 0.0118
Epoch 129  loss: 0.0239 acc: 0.9896 time0.0219
Epoch 129  loss: 0.0073 acc: 0.9948 Valid  loss: 8.9843  acc: 0.5000  macro_f1: 0.4516  micro_f1: 0.5000
Test  loss: 5.8172 acc: 0.6442 macro f1: 0.6417 macro precision: 0.6526 macro recall: 0.6502 time: 0.0124
Epoch 130  loss: 0.1083 acc: 0.9479 time0.0219
Epoch 130  loss: 0.0514 acc: 0.9948 Valid  loss: 7.9199  acc: 0.5625  macro_f1: 0.4714  micro_f1: 0.5625
Test  loss: 5.5168 acc: 0.6250 macro f1: 0.6126 macro precision: 0.6122 macro recall: 0.6139 time: 0.0121
Epoch 131  loss: 0.0383 acc: 0.9896 time0.0216
Epoch 131  loss: 0.0607 acc: 0.9948 Valid  loss: 6.7738  acc: 0.5833  macro_f1: 0.4876  micro_f1: 0.5833
Test  loss: 5.2501 acc: 0.6442 macro f1: 0.6289 macro precision: 0.6319 macro recall: 0.6331 time: 0.0121
Epoch 132  loss: 0.0081 acc: 1.0000 time0.0216
Epoch 132  loss: 0.0747 acc: 0.9948 Valid  loss: 6.1591  acc: 0.6042  macro_f1: 0.4521  micro_f1: 0.6042
Test  loss: 5.4541 acc: 0.6250 macro f1: 0.6041 macro precision: 0.6192 macro recall: 0.6084 time: 0.0119
Epoch 133  loss: 0.0164 acc: 0.9948 time0.0221
Epoch 133  loss: 0.1144 acc: 0.9792 Valid  loss: 5.7816  acc: 0.5417  macro_f1: 0.4037  micro_f1: 0.5417
Test  loss: 5.5680 acc: 0.6154 macro f1: 0.5918 macro precision: 0.6196 macro recall: 0.5970 time: 0.0124
Epoch 134  loss: 0.0368 acc: 0.9740 time0.0214
Epoch 134  loss: 0.1411 acc: 0.9740 Valid  loss: 5.7125  acc: 0.5417  macro_f1: 0.4037  micro_f1: 0.5417
Test  loss: 5.5235 acc: 0.6154 macro f1: 0.5918 macro precision: 0.6196 macro recall: 0.5970 time: 0.0123
Epoch 135  loss: 0.0337 acc: 0.9792 time0.0235
Epoch 135  loss: 0.0915 acc: 0.9844 Valid  loss: 5.6681  acc: 0.5208  macro_f1: 0.3946  micro_f1: 0.5208
Test  loss: 5.4359 acc: 0.6250 macro f1: 0.6063 macro precision: 0.6351 macro recall: 0.6103 time: 0.0135
Epoch 136  loss: 0.0224 acc: 0.9948 time0.0236
Epoch 136  loss: 0.0454 acc: 0.9948 Valid  loss: 5.8621  acc: 0.5625  macro_f1: 0.4676  micro_f1: 0.5625
Test  loss: 5.3207 acc: 0.6346 macro f1: 0.6190 macro precision: 0.6389 macro recall: 0.6217 time: 0.0119
Epoch 137  loss: 0.0252 acc: 0.9896 time0.0224
Epoch 137  loss: 0.0347 acc: 0.9948 Valid  loss: 6.2700  acc: 0.5625  macro_f1: 0.4719  micro_f1: 0.5625
Test  loss: 5.3744 acc: 0.6538 macro f1: 0.6416 macro precision: 0.6487 macro recall: 0.6484 time: 0.0120
Epoch 138  loss: 0.0062 acc: 0.9948 time0.0221
Epoch 138  loss: 0.0116 acc: 0.9948 Valid  loss: 7.1701  acc: 0.5625  macro_f1: 0.4707  micro_f1: 0.5625
Test  loss: 5.2407 acc: 0.6635 macro f1: 0.6531 macro precision: 0.6545 macro recall: 0.6597 time: 0.0118
Epoch 139  loss: 0.0067 acc: 1.0000 time0.0225
Epoch 139  loss: 0.0017 acc: 1.0000 Valid  loss: 7.6259  acc: 0.5625  macro_f1: 0.4707  micro_f1: 0.5625
Test  loss: 5.0950 acc: 0.6731 macro f1: 0.6705 macro precision: 0.6677 macro recall: 0.6807 time: 0.0118
Epoch 140  loss: 0.0482 acc: 0.9896 time0.0232
Epoch 140  loss: 0.0015 acc: 1.0000 Valid  loss: 7.7207  acc: 0.5833  macro_f1: 0.5190  micro_f1: 0.5833
Test  loss: 5.1212 acc: 0.6731 macro f1: 0.6719 macro precision: 0.6758 macro recall: 0.6845 time: 0.0148
Epoch 141  loss: 0.0252 acc: 0.9896 time0.0228
Epoch 141  loss: 0.0141 acc: 0.9948 Valid  loss: 7.3579  acc: 0.5625  macro_f1: 0.4707  micro_f1: 0.5625
Test  loss: 4.8976 acc: 0.6250 macro f1: 0.6148 macro precision: 0.6138 macro recall: 0.6159 time: 0.0122
Epoch 142  loss: 0.0580 acc: 0.9844 time0.0222
Epoch 142  loss: 0.0099 acc: 0.9948 Valid  loss: 7.2347  acc: 0.5417  macro_f1: 0.4559  micro_f1: 0.5417
Test  loss: 5.1824 acc: 0.6635 macro f1: 0.6531 macro precision: 0.6545 macro recall: 0.6597 time: 0.0123
Epoch 143  loss: 0.0179 acc: 0.9896 time0.0221
Epoch 143  loss: 0.0211 acc: 0.9948 Valid  loss: 6.2818  acc: 0.5833  macro_f1: 0.4865  micro_f1: 0.5833
Test  loss: 5.2580 acc: 0.6538 macro f1: 0.6416 macro precision: 0.6487 macro recall: 0.6484 time: 0.0123
Epoch 144  loss: 0.0066 acc: 1.0000 time0.0204
Epoch 144  loss: 0.0329 acc: 0.9948 Valid  loss: 5.9301  acc: 0.5625  macro_f1: 0.4676  micro_f1: 0.5625
Test  loss: 5.2649 acc: 0.6538 macro f1: 0.6414 macro precision: 0.6615 macro recall: 0.6445 time: 0.0122
Epoch 145  loss: 0.0164 acc: 0.9948 time0.0222
Epoch 145  loss: 0.0565 acc: 0.9896 Valid  loss: 5.7908  acc: 0.5625  macro_f1: 0.4200  micro_f1: 0.5625
Test  loss: 5.5601 acc: 0.6154 macro f1: 0.5981 macro precision: 0.6295 macro recall: 0.6027 time: 0.0130
Epoch 146  loss: 0.0574 acc: 0.9792 time0.0227
Epoch 146  loss: 0.0769 acc: 0.9948 Valid  loss: 5.6511  acc: 0.5625  macro_f1: 0.4162  micro_f1: 0.5625
Test  loss: 5.6809 acc: 0.6442 macro f1: 0.6239 macro precision: 0.6534 macro recall: 0.6255 time: 0.0123
Epoch 147  loss: 0.0247 acc: 0.9896 time0.0206
Epoch 147  loss: 0.0755 acc: 0.9948 Valid  loss: 5.7661  acc: 0.5833  macro_f1: 0.4322  micro_f1: 0.5833
Test  loss: 5.5515 acc: 0.6442 macro f1: 0.6170 macro precision: 0.6440 macro recall: 0.6197 time: 0.0118
Epoch 148  loss: 0.0076 acc: 1.0000 time0.0216
Epoch 148  loss: 0.0806 acc: 0.9948 Valid  loss: 5.8538  acc: 0.6042  macro_f1: 0.4468  micro_f1: 0.6042
Test  loss: 5.4142 acc: 0.6346 macro f1: 0.6017 macro precision: 0.6286 macro recall: 0.6064 time: 0.0121
Epoch 149  loss: 0.0211 acc: 0.9948 time0.0231
Epoch 149  loss: 0.0764 acc: 0.9948 Valid  loss: 6.1670  acc: 0.5833  macro_f1: 0.4852  micro_f1: 0.5833
Test  loss: 5.3581 acc: 0.5962 macro f1: 0.5677 macro precision: 0.5822 macro recall: 0.5683 time: 0.0120
Epoch 150  loss: 0.0077 acc: 1.0000 time0.0224
Epoch 150  loss: 0.0628 acc: 0.9948 Valid  loss: 6.5538  acc: 0.5625  macro_f1: 0.4705  micro_f1: 0.5625
Test  loss: 5.1961 acc: 0.6442 macro f1: 0.6330 macro precision: 0.6335 macro recall: 0.6349 time: 0.0116
Best validation: VALID ACC 0.5416666865348816  MACRO F1 0.43333333333333335 MICRO F1 0.5416666666666666 EPOCH 12
Best test: TEST ACC 0.7307692170143127 TEST F1 0.7141148325358851 TEST PRECISION 0.7302777453611857 TEST RECALL 0.7089610389610389 EPOCH 27
Epoch 151  loss: 0.0258 acc: 0.9896 time0.0211
Epoch 151  loss: 0.0386 acc: 0.9948 Valid  loss: 7.3349  acc: 0.5208  macro_f1: 0.4410  micro_f1: 0.5208
Test  loss: 5.5415 acc: 0.6538 macro f1: 0.6409 macro precision: 0.6435 macro recall: 0.6464 time: 0.0117
Epoch 152  loss: 0.0022 acc: 1.0000 time0.0225
Epoch 152  loss: 0.0244 acc: 0.9948 Valid  loss: 7.6025  acc: 0.4792  macro_f1: 0.4120  micro_f1: 0.4792
Test  loss: 5.9011 acc: 0.6538 macro f1: 0.6437 macro precision: 0.6480 macro recall: 0.6522 time: 0.0121
Epoch 153  loss: 0.0160 acc: 0.9948 time0.0209
Epoch 153  loss: 0.0085 acc: 0.9948 Valid  loss: 7.5218  acc: 0.4792  macro_f1: 0.4115  micro_f1: 0.4792
Test  loss: 5.8916 acc: 0.6538 macro f1: 0.6437 macro precision: 0.6480 macro recall: 0.6522 time: 0.0119
Epoch 154  loss: 0.0268 acc: 0.9896 time0.0212
Epoch 154  loss: 0.0330 acc: 0.9948 Valid  loss: 7.0713  acc: 0.5208  macro_f1: 0.4407  micro_f1: 0.5208
Test  loss: 5.7835 acc: 0.6635 macro f1: 0.6495 macro precision: 0.6538 macro recall: 0.6559 time: 0.0119
Epoch 155  loss: 0.0009 acc: 1.0000 time0.0243
Epoch 155  loss: 0.0363 acc: 0.9948 Valid  loss: 6.6559  acc: 0.5417  macro_f1: 0.4542  micro_f1: 0.5417
Test  loss: 5.6188 acc: 0.6635 macro f1: 0.6508 macro precision: 0.6579 macro recall: 0.6559 time: 0.0128
Epoch 156  loss: 0.0021 acc: 1.0000 time0.0229
Epoch 156  loss: 0.0405 acc: 0.9948 Valid  loss: 6.4578  acc: 0.5833  macro_f1: 0.4845  micro_f1: 0.5833
Test  loss: 5.5306 acc: 0.6635 macro f1: 0.6483 macro precision: 0.6611 macro recall: 0.6502 time: 0.0116
Epoch 157  loss: 0.0050 acc: 1.0000 time0.0225
Epoch 157  loss: 0.0369 acc: 0.9948 Valid  loss: 6.3159  acc: 0.5625  macro_f1: 0.4690  micro_f1: 0.5625
Test  loss: 5.6871 acc: 0.6442 macro f1: 0.6159 macro precision: 0.6369 macro recall: 0.6197 time: 0.0119
Epoch 158  loss: 0.0018 acc: 1.0000 time0.0225
Epoch 158  loss: 0.0392 acc: 0.9948 Valid  loss: 6.1950  acc: 0.5625  macro_f1: 0.4208  micro_f1: 0.5625
Test  loss: 5.5913 acc: 0.6346 macro f1: 0.6009 macro precision: 0.6213 macro recall: 0.6064 time: 0.0120
Epoch 159  loss: 0.0089 acc: 0.9948 time0.0217
Epoch 159  loss: 0.0396 acc: 0.9948 Valid  loss: 6.1953  acc: 0.5625  macro_f1: 0.4208  micro_f1: 0.5625
Test  loss: 5.5987 acc: 0.6346 macro f1: 0.6009 macro precision: 0.6213 macro recall: 0.6064 time: 0.0121
Epoch 160  loss: 0.0225 acc: 0.9948 time0.0217
Epoch 160  loss: 0.0336 acc: 0.9948 Valid  loss: 6.3278  acc: 0.5833  macro_f1: 0.4857  micro_f1: 0.5833
Test  loss: 5.5473 acc: 0.6346 macro f1: 0.6009 macro precision: 0.6213 macro recall: 0.6064 time: 0.0122
Epoch 161  loss: 0.0185 acc: 0.9948 time0.0221
Epoch 161  loss: 0.0224 acc: 0.9948 Valid  loss: 6.4978  acc: 0.5833  macro_f1: 0.4857  micro_f1: 0.5833
Test  loss: 5.6108 acc: 0.6442 macro f1: 0.6206 macro precision: 0.6346 macro recall: 0.6235 time: 0.0124
Epoch 162  loss: 0.0074 acc: 0.9948 time0.0216
Epoch 162  loss: 0.0011 acc: 1.0000 Valid  loss: 6.7806  acc: 0.5417  macro_f1: 0.4542  micro_f1: 0.5417
Test  loss: 5.8017 acc: 0.6635 macro f1: 0.6501 macro precision: 0.6555 macro recall: 0.6559 time: 0.0123
Epoch 163  loss: 0.0005 acc: 1.0000 time0.0222
Epoch 163  loss: 0.0001 acc: 1.0000 Valid  loss: 7.2739  acc: 0.5000  macro_f1: 0.4247  micro_f1: 0.5000
Test  loss: 6.0357 acc: 0.6538 macro f1: 0.6405 macro precision: 0.6447 macro recall: 0.6464 time: 0.0118
Epoch 164  loss: 0.0007 acc: 1.0000 time0.0231
Epoch 164  loss: 0.0001 acc: 1.0000 Valid  loss: 7.6932  acc: 0.4583  macro_f1: 0.3987  micro_f1: 0.4583
Test  loss: 5.9974 acc: 0.6635 macro f1: 0.6526 macro precision: 0.6557 macro recall: 0.6597 time: 0.0125
Epoch 165  loss: 0.0043 acc: 1.0000 time0.0216
Epoch 165  loss: 0.0000 acc: 1.0000 Valid  loss: 7.8005  acc: 0.4583  macro_f1: 0.3987  micro_f1: 0.4583
Test  loss: 6.0530 acc: 0.6538 macro f1: 0.6433 macro precision: 0.6470 macro recall: 0.6502 time: 0.0120
Epoch 166  loss: 0.0163 acc: 0.9948 time0.0220
Epoch 166  loss: 0.0002 acc: 1.0000 Valid  loss: 7.3751  acc: 0.5000  macro_f1: 0.4247  micro_f1: 0.5000
Test  loss: 6.1302 acc: 0.6538 macro f1: 0.6405 macro precision: 0.6447 macro recall: 0.6464 time: 0.0120
Epoch 167  loss: 0.0013 acc: 1.0000 time0.0219
Epoch 167  loss: 0.0003 acc: 1.0000 Valid  loss: 6.8280  acc: 0.5208  macro_f1: 0.4378  micro_f1: 0.5208
Test  loss: 5.9522 acc: 0.6635 macro f1: 0.6501 macro precision: 0.6555 macro recall: 0.6559 time: 0.0116
Epoch 168  loss: 0.0012 acc: 1.0000 time0.0218
Epoch 168  loss: 0.0281 acc: 0.9948 Valid  loss: 6.6021  acc: 0.5417  macro_f1: 0.4524  micro_f1: 0.5417
Test  loss: 5.8891 acc: 0.6442 macro f1: 0.6212 macro precision: 0.6370 macro recall: 0.6255 time: 0.0116
Epoch 169  loss: 0.0014 acc: 1.0000 time0.0264
Epoch 169  loss: 0.0312 acc: 0.9948 Valid  loss: 6.3352  acc: 0.5833  macro_f1: 0.4362  micro_f1: 0.5833
Test  loss: 5.8618 acc: 0.6250 macro f1: 0.5927 macro precision: 0.6118 macro recall: 0.5968 time: 0.0137
Epoch 170  loss: 0.0025 acc: 1.0000 time0.0258
Epoch 170  loss: 0.0288 acc: 0.9948 Valid  loss: 6.1961  acc: 0.6042  macro_f1: 0.4468  micro_f1: 0.6042
Test  loss: 5.9961 acc: 0.6154 macro f1: 0.5853 macro precision: 0.6097 macro recall: 0.5873 time: 0.0120
Epoch 171  loss: 0.0076 acc: 1.0000 time0.0220
Epoch 171  loss: 0.0395 acc: 0.9948 Valid  loss: 6.1945  acc: 0.6042  macro_f1: 0.4468  micro_f1: 0.6042
Test  loss: 6.0320 acc: 0.6154 macro f1: 0.5853 macro precision: 0.6097 macro recall: 0.5873 time: 0.0124
Epoch 172  loss: 0.0034 acc: 1.0000 time0.0226
Epoch 172  loss: 0.0387 acc: 0.9948 Valid  loss: 6.2092  acc: 0.5833  macro_f1: 0.4362  micro_f1: 0.5833
Test  loss: 6.0836 acc: 0.6250 macro f1: 0.5936 macro precision: 0.6190 macro recall: 0.5968 time: 0.0118
Epoch 173  loss: 0.0012 acc: 1.0000 time0.0228
Epoch 173  loss: 0.0383 acc: 0.9948 Valid  loss: 6.2435  acc: 0.5833  macro_f1: 0.4364  micro_f1: 0.5833
Test  loss: 6.0626 acc: 0.6346 macro f1: 0.6017 macro precision: 0.6286 macro recall: 0.6064 time: 0.0124
Epoch 174  loss: 0.0015 acc: 1.0000 time0.0215
Epoch 174  loss: 0.0430 acc: 0.9948 Valid  loss: 6.4445  acc: 0.5625  macro_f1: 0.4245  micro_f1: 0.5625
Test  loss: 6.1417 acc: 0.6442 macro f1: 0.6159 macro precision: 0.6369 macro recall: 0.6197 time: 0.0120
Epoch 175  loss: 0.0012 acc: 1.0000 time0.0215
Epoch 175  loss: 0.0410 acc: 0.9948 Valid  loss: 6.6432  acc: 0.5625  macro_f1: 0.4245  micro_f1: 0.5625
Test  loss: 6.1632 acc: 0.6346 macro f1: 0.6071 macro precision: 0.6252 macro recall: 0.6121 time: 0.0121
Epoch 176  loss: 0.0010 acc: 1.0000 time0.0217
Epoch 176  loss: 0.0402 acc: 0.9948 Valid  loss: 6.7147  acc: 0.5625  macro_f1: 0.4678  micro_f1: 0.5625
Test  loss: 6.2456 acc: 0.6442 macro f1: 0.6212 macro precision: 0.6370 macro recall: 0.6255 time: 0.0116
Epoch 177  loss: 0.0082 acc: 0.9948 time0.0211
Epoch 177  loss: 0.0286 acc: 0.9948 Valid  loss: 6.8311  acc: 0.5625  macro_f1: 0.4678  micro_f1: 0.5625
Test  loss: 6.1720 acc: 0.6346 macro f1: 0.6123 macro precision: 0.6254 macro recall: 0.6159 time: 0.0121
Epoch 178  loss: 0.0006 acc: 1.0000 time0.0242
Epoch 178  loss: 0.0037 acc: 0.9948 Valid  loss: 7.2088  acc: 0.5208  macro_f1: 0.4378  micro_f1: 0.5208
Test  loss: 6.3145 acc: 0.6538 macro f1: 0.6374 macro precision: 0.6419 macro recall: 0.6426 time: 0.0136
Epoch 179  loss: 0.0008 acc: 1.0000 time0.0322
Epoch 179  loss: 0.0001 acc: 1.0000 Valid  loss: 7.4845  acc: 0.5000  macro_f1: 0.4247  micro_f1: 0.5000
Test  loss: 6.3973 acc: 0.6442 macro f1: 0.6285 macro precision: 0.6303 macro recall: 0.6331 time: 0.0127
Epoch 180  loss: 0.0006 acc: 1.0000 time0.0224
Epoch 180  loss: 0.0000 acc: 1.0000 Valid  loss: 7.8584  acc: 0.5000  macro_f1: 0.4247  micro_f1: 0.5000
Test  loss: 6.5478 acc: 0.6346 macro f1: 0.6198 macro precision: 0.6206 macro recall: 0.6235 time: 0.0119
Epoch 181  loss: 0.0014 acc: 1.0000 time0.0216
Epoch 181  loss: 0.0000 acc: 1.0000 Valid  loss: 8.0514  acc: 0.5208  macro_f1: 0.4423  micro_f1: 0.5208
Test  loss: 6.5285 acc: 0.6346 macro f1: 0.6198 macro precision: 0.6206 macro recall: 0.6235 time: 0.0118
Epoch 182  loss: 0.0004 acc: 1.0000 time0.0215
Epoch 182  loss: 0.0000 acc: 1.0000 Valid  loss: 8.3087  acc: 0.4792  macro_f1: 0.4120  micro_f1: 0.4792
Test  loss: 6.5716 acc: 0.6346 macro f1: 0.6228 macro precision: 0.6240 macro recall: 0.6274 time: 0.0120
Epoch 183  loss: 0.0102 acc: 0.9948 time0.0228
Epoch 183  loss: 0.0000 acc: 1.0000 Valid  loss: 8.1592  acc: 0.5208  macro_f1: 0.4423  micro_f1: 0.5208
Test  loss: 6.5883 acc: 0.6250 macro f1: 0.6105 macro precision: 0.6112 macro recall: 0.6140 time: 0.0123
Epoch 184  loss: 0.0055 acc: 1.0000 time0.0211
Epoch 184  loss: 0.0001 acc: 1.0000 Valid  loss: 7.8105  acc: 0.5000  macro_f1: 0.4259  micro_f1: 0.5000
Test  loss: 6.4149 acc: 0.6346 macro f1: 0.6198 macro precision: 0.6206 macro recall: 0.6235 time: 0.0118
Epoch 185  loss: 0.0008 acc: 1.0000 time0.0213
Epoch 185  loss: 0.0001 acc: 1.0000 Valid  loss: 7.5168  acc: 0.5417  macro_f1: 0.4559  micro_f1: 0.5417
Test  loss: 6.2255 acc: 0.6346 macro f1: 0.6198 macro precision: 0.6206 macro recall: 0.6235 time: 0.0118
Epoch 186  loss: 0.0028 acc: 1.0000 time0.0216
Epoch 186  loss: 0.0001 acc: 1.0000 Valid  loss: 7.3001  acc: 0.5625  macro_f1: 0.4705  micro_f1: 0.5625
Test  loss: 6.0997 acc: 0.6538 macro f1: 0.6372 macro precision: 0.6389 macro recall: 0.6387 time: 0.0125
Epoch 187  loss: 0.0007 acc: 1.0000 time0.0208
Epoch 187  loss: 0.0004 acc: 1.0000 Valid  loss: 7.1119  acc: 0.5625  macro_f1: 0.4692  micro_f1: 0.5625
Test  loss: 6.0214 acc: 0.6442 macro f1: 0.6257 macro precision: 0.6343 macro recall: 0.6254 time: 0.0118
Epoch 188  loss: 0.0012 acc: 1.0000 time0.0214
Epoch 188  loss: 0.0009 acc: 1.0000 Valid  loss: 6.9837  acc: 0.5833  macro_f1: 0.4852  micro_f1: 0.5833
Test  loss: 6.0506 acc: 0.6442 macro f1: 0.6214 macro precision: 0.6356 macro recall: 0.6216 time: 0.0121
Epoch 189  loss: 0.0012 acc: 1.0000 time0.0239
Epoch 189  loss: 0.0016 acc: 1.0000 Valid  loss: 6.9196  acc: 0.5833  macro_f1: 0.4852  micro_f1: 0.5833
Test  loss: 6.1678 acc: 0.6346 macro f1: 0.6136 macro precision: 0.6293 macro recall: 0.6140 time: 0.0122
Epoch 190  loss: 0.0017 acc: 1.0000 time0.0210
Epoch 190  loss: 0.0021 acc: 1.0000 Valid  loss: 7.0033  acc: 0.6042  macro_f1: 0.5010  micro_f1: 0.6042
Test  loss: 6.1945 acc: 0.6442 macro f1: 0.6212 macro precision: 0.6370 macro recall: 0.6255 time: 0.0118
Epoch 191  loss: 0.0009 acc: 1.0000 time0.0213
Epoch 191  loss: 0.0023 acc: 1.0000 Valid  loss: 7.0760  acc: 0.5625  macro_f1: 0.4678  micro_f1: 0.5625
Test  loss: 6.2569 acc: 0.6442 macro f1: 0.6212 macro precision: 0.6370 macro recall: 0.6255 time: 0.0124
Epoch 192  loss: 0.0014 acc: 1.0000 time0.0216
Epoch 192  loss: 0.0034 acc: 1.0000 Valid  loss: 7.1559  acc: 0.5833  macro_f1: 0.4845  micro_f1: 0.5833
Test  loss: 6.4532 acc: 0.6442 macro f1: 0.6212 macro precision: 0.6370 macro recall: 0.6255 time: 0.0123
Epoch 193  loss: 0.0006 acc: 1.0000 time0.0224
Epoch 193  loss: 0.0030 acc: 1.0000 Valid  loss: 7.1212  acc: 0.5625  macro_f1: 0.4678  micro_f1: 0.5625
Test  loss: 6.4332 acc: 0.6346 macro f1: 0.6123 macro precision: 0.6254 macro recall: 0.6159 time: 0.0116
Epoch 194  loss: 0.0010 acc: 1.0000 time0.0222
Epoch 194  loss: 0.0023 acc: 1.0000 Valid  loss: 7.2952  acc: 0.5625  macro_f1: 0.4678  micro_f1: 0.5625
Test  loss: 6.4492 acc: 0.6346 macro f1: 0.6116 macro precision: 0.6216 macro recall: 0.6159 time: 0.0117
Epoch 195  loss: 0.0003 acc: 1.0000 time0.0210
Epoch 195  loss: 0.0094 acc: 0.9948 Valid  loss: 7.4931  acc: 0.5208  macro_f1: 0.4378  micro_f1: 0.5208
Test  loss: 6.5314 acc: 0.6346 macro f1: 0.6116 macro precision: 0.6216 macro recall: 0.6159 time: 0.0119
Epoch 196  loss: 0.0001 acc: 1.0000 time0.0219
Epoch 196  loss: 0.0084 acc: 0.9948 Valid  loss: 7.6177  acc: 0.5208  macro_f1: 0.4378  micro_f1: 0.5208
Test  loss: 6.5894 acc: 0.6346 macro f1: 0.6111 macro precision: 0.6187 macro recall: 0.6159 time: 0.0119
Epoch 197  loss: 0.0005 acc: 1.0000 time0.0211
Epoch 197  loss: 0.0144 acc: 0.9948 Valid  loss: 7.7462  acc: 0.5208  macro_f1: 0.4378  micro_f1: 0.5208
Test  loss: 6.6259 acc: 0.6346 macro f1: 0.6108 macro precision: 0.6166 macro recall: 0.6159 time: 0.0119
Epoch 198  loss: 0.0009 acc: 1.0000 time0.0227
Epoch 198  loss: 0.0138 acc: 0.9948 Valid  loss: 7.7911  acc: 0.5208  macro_f1: 0.4378  micro_f1: 0.5208
Test  loss: 6.6521 acc: 0.6346 macro f1: 0.6108 macro precision: 0.6166 macro recall: 0.6159 time: 0.0125
Epoch 199  loss: 0.0041 acc: 1.0000 time0.0204
Epoch 199  loss: 0.0013 acc: 1.0000 Valid  loss: 7.8368  acc: 0.5000  macro_f1: 0.4247  micro_f1: 0.5000
Test  loss: 6.5986 acc: 0.6346 macro f1: 0.6108 macro precision: 0.6166 macro recall: 0.6159 time: 0.0124
Epoch 200  loss: 0.0003 acc: 1.0000 time0.0225
Epoch 200  loss: 0.0011 acc: 1.0000 Valid  loss: 7.8659  acc: 0.5000  macro_f1: 0.4247  micro_f1: 0.5000
Test  loss: 6.4977 acc: 0.6442 macro f1: 0.6241 macro precision: 0.6286 macro recall: 0.6293 time: 0.0118
Best validation: VALID ACC 0.5416666865348816  MACRO F1 0.43333333333333335 MICRO F1 0.5416666666666666 EPOCH 12
Best test: TEST ACC 0.7307692170143127 TEST F1 0.7141148325358851 TEST PRECISION 0.7302777453611857 TEST RECALL 0.7089610389610389 EPOCH 27
Epoch 201  loss: 0.0003 acc: 1.0000 time0.0221
Epoch 201  loss: 0.0008 acc: 1.0000 Valid  loss: 7.9220  acc: 0.5000  macro_f1: 0.4247  micro_f1: 0.5000
Test  loss: 6.4304 acc: 0.6442 macro f1: 0.6285 macro precision: 0.6303 macro recall: 0.6331 time: 0.0138
Epoch 202  loss: 0.0026 acc: 1.0000 time0.0212
Epoch 202  loss: 0.0005 acc: 1.0000 Valid  loss: 8.1247  acc: 0.5208  macro_f1: 0.4423  micro_f1: 0.5208
Test  loss: 6.4185 acc: 0.6346 macro f1: 0.6198 macro precision: 0.6206 macro recall: 0.6235 time: 0.0120
Epoch 203  loss: 0.0011 acc: 1.0000 time0.0218
Epoch 203  loss: 0.0000 acc: 1.0000 Valid  loss: 8.4370  acc: 0.5208  macro_f1: 0.4423  micro_f1: 0.5208
Test  loss: 6.3789 acc: 0.6250 macro f1: 0.6111 macro precision: 0.6111 macro recall: 0.6140 time: 0.0122
Epoch 204  loss: 0.0004 acc: 1.0000 time0.0217
Epoch 204  loss: 0.0000 acc: 1.0000 Valid  loss: 8.6461  acc: 0.5000  macro_f1: 0.4259  micro_f1: 0.5000
Test  loss: 6.4368 acc: 0.6154 macro f1: 0.6022 macro precision: 0.6018 macro recall: 0.6045 time: 0.0120
Epoch 205  loss: 0.0007 acc: 1.0000 time0.0205
Epoch 205  loss: 0.0000 acc: 1.0000 Valid  loss: 8.7477  acc: 0.5000  macro_f1: 0.4259  micro_f1: 0.5000
Test  loss: 6.5420 acc: 0.6058 macro f1: 0.5918 macro precision: 0.5912 macro recall: 0.5930 time: 0.0118
Epoch 206  loss: 0.0029 acc: 1.0000 time0.0225
Epoch 206  loss: 0.0000 acc: 1.0000 Valid  loss: 8.9252  acc: 0.4792  macro_f1: 0.4120  micro_f1: 0.4792
Test  loss: 6.5589 acc: 0.6154 macro f1: 0.6038 macro precision: 0.6027 macro recall: 0.6064 time: 0.0126
Epoch 207  loss: 0.0012 acc: 1.0000 time0.0222
Epoch 207  loss: 0.0000 acc: 1.0000 Valid  loss: 9.0726  acc: 0.4792  macro_f1: 0.4120  micro_f1: 0.4792
Test  loss: 6.5987 acc: 0.6250 macro f1: 0.6138 macro precision: 0.6125 macro recall: 0.6159 time: 0.0125
Epoch 208  loss: 0.0003 acc: 1.0000 time0.0219
Epoch 208  loss: 0.0000 acc: 1.0000 Valid  loss: 9.2463  acc: 0.4792  macro_f1: 0.4120  micro_f1: 0.4792
Test  loss: 6.6372 acc: 0.6442 macro f1: 0.6319 macro precision: 0.6307 macro recall: 0.6349 time: 0.0117
Epoch 209  loss: 0.0006 acc: 1.0000 time0.0227
Epoch 209  loss: 0.0006 acc: 1.0000 Valid  loss: 9.1037  acc: 0.4792  macro_f1: 0.4120  micro_f1: 0.4792
Test  loss: 6.6232 acc: 0.6442 macro f1: 0.6319 macro precision: 0.6307 macro recall: 0.6349 time: 0.0115
Epoch 210  loss: 0.0018 acc: 1.0000 time0.0211
Epoch 210  loss: 0.0005 acc: 1.0000 Valid  loss: 9.1358  acc: 0.5000  macro_f1: 0.4290  micro_f1: 0.5000
Test  loss: 6.6731 acc: 0.6346 macro f1: 0.6233 macro precision: 0.6236 macro recall: 0.6274 time: 0.0121
Epoch 211  loss: 0.0007 acc: 1.0000 time0.0213
Epoch 211  loss: 0.0002 acc: 1.0000 Valid  loss: 9.2210  acc: 0.5000  macro_f1: 0.4290  micro_f1: 0.5000
Test  loss: 6.6734 acc: 0.6346 macro f1: 0.6233 macro precision: 0.6236 macro recall: 0.6274 time: 0.0119
Epoch 212  loss: 0.0004 acc: 1.0000 time0.0216
Epoch 212  loss: 0.0008 acc: 1.0000 Valid  loss: 9.2000  acc: 0.5000  macro_f1: 0.4290  micro_f1: 0.5000
Test  loss: 6.7032 acc: 0.6442 macro f1: 0.6322 macro precision: 0.6334 macro recall: 0.6369 time: 0.0119
Epoch 213  loss: 0.0008 acc: 1.0000 time0.0214
Epoch 213  loss: 0.0006 acc: 1.0000 Valid  loss: 9.1335  acc: 0.5000  macro_f1: 0.4290  micro_f1: 0.5000
Test  loss: 6.6303 acc: 0.6442 macro f1: 0.6322 macro precision: 0.6334 macro recall: 0.6369 time: 0.0122
Epoch 214  loss: 0.0004 acc: 1.0000 time0.0217
Epoch 214  loss: 0.0000 acc: 1.0000 Valid  loss: 9.0607  acc: 0.5000  macro_f1: 0.4290  micro_f1: 0.5000
Test  loss: 6.6424 acc: 0.6442 macro f1: 0.6322 macro precision: 0.6334 macro recall: 0.6369 time: 0.0120
Epoch 215  loss: 0.0003 acc: 1.0000 time0.0209
Epoch 215  loss: 0.0000 acc: 1.0000 Valid  loss: 9.0104  acc: 0.5000  macro_f1: 0.4290  micro_f1: 0.5000
Test  loss: 6.6492 acc: 0.6442 macro f1: 0.6322 macro precision: 0.6334 macro recall: 0.6369 time: 0.0124
Epoch 216  loss: 0.0007 acc: 1.0000 time0.0226
Epoch 216  loss: 0.0000 acc: 1.0000 Valid  loss: 8.9588  acc: 0.4792  macro_f1: 0.4115  micro_f1: 0.4792
Test  loss: 6.6583 acc: 0.6442 macro f1: 0.6322 macro precision: 0.6334 macro recall: 0.6369 time: 0.0124
Epoch 217  loss: 0.0071 acc: 0.9948 time0.0212
Epoch 217  loss: 0.0112 acc: 0.9948 Valid  loss: 8.3995  acc: 0.5208  macro_f1: 0.4423  micro_f1: 0.5208
Test  loss: 6.6401 acc: 0.6442 macro f1: 0.6322 macro precision: 0.6334 macro recall: 0.6369 time: 0.0120
Epoch 218  loss: 0.0006 acc: 1.0000 time0.0218
Epoch 218  loss: 0.0035 acc: 1.0000 Valid  loss: 8.1095  acc: 0.5208  macro_f1: 0.4423  micro_f1: 0.5208
Test  loss: 6.4187 acc: 0.6442 macro f1: 0.6291 macro precision: 0.6334 macro recall: 0.6311 time: 0.0119
Epoch 219  loss: 0.0003 acc: 1.0000 time0.0219
Epoch 219  loss: 0.0048 acc: 0.9948 Valid  loss: 7.8092  acc: 0.5625  macro_f1: 0.4712  micro_f1: 0.5625
Test  loss: 6.2764 acc: 0.6442 macro f1: 0.6249 macro precision: 0.6320 macro recall: 0.6254 time: 0.0123
Epoch 220  loss: 0.0011 acc: 1.0000 time0.0214
Epoch 220  loss: 0.0065 acc: 0.9948 Valid  loss: 7.5433  acc: 0.5625  macro_f1: 0.4712  micro_f1: 0.5625
Test  loss: 6.3091 acc: 0.6442 macro f1: 0.6214 macro precision: 0.6339 macro recall: 0.6216 time: 0.0122
Epoch 221  loss: 0.0016 acc: 1.0000 time0.0211
Epoch 221  loss: 0.0001 acc: 1.0000 Valid  loss: 7.2835  acc: 0.5625  macro_f1: 0.4310  micro_f1: 0.5625
Test  loss: 6.4838 acc: 0.6442 macro f1: 0.6214 macro precision: 0.6339 macro recall: 0.6216 time: 0.0124
Epoch 222  loss: 0.0017 acc: 1.0000 time0.0220
Epoch 222  loss: 0.0127 acc: 0.9948 Valid  loss: 7.2014  acc: 0.5625  macro_f1: 0.4290  micro_f1: 0.5625
Test  loss: 6.5447 acc: 0.6442 macro f1: 0.6155 macro precision: 0.6331 macro recall: 0.6177 time: 0.0127
Epoch 223  loss: 0.0011 acc: 1.0000 time0.0211
Epoch 223  loss: 0.0142 acc: 0.9948 Valid  loss: 7.1577  acc: 0.5625  macro_f1: 0.4290  micro_f1: 0.5625
Test  loss: 6.5867 acc: 0.6442 macro f1: 0.6155 macro precision: 0.6331 macro recall: 0.6177 time: 0.0116
Epoch 224  loss: 0.0004 acc: 1.0000 time0.0221
Epoch 224  loss: 0.0269 acc: 0.9948 Valid  loss: 7.1597  acc: 0.5417  macro_f1: 0.4120  micro_f1: 0.5417
Test  loss: 6.6013 acc: 0.6346 macro f1: 0.6080 macro precision: 0.6311 macro recall: 0.6121 time: 0.0120
Epoch 225  loss: 0.0010 acc: 1.0000 time0.0223
Epoch 225  loss: 0.0271 acc: 0.9948 Valid  loss: 7.3795  acc: 0.5417  macro_f1: 0.4120  micro_f1: 0.5417
Test  loss: 6.6350 acc: 0.6346 macro f1: 0.6080 macro precision: 0.6311 macro recall: 0.6121 time: 0.0122
Epoch 226  loss: 0.0035 acc: 1.0000 time0.0247
Epoch 226  loss: 0.0218 acc: 0.9948 Valid  loss: 7.4313  acc: 0.5208  macro_f1: 0.3988  micro_f1: 0.5208
Test  loss: 6.6102 acc: 0.6346 macro f1: 0.6080 macro precision: 0.6311 macro recall: 0.6121 time: 0.0120
Epoch 227  loss: 0.0022 acc: 1.0000 time0.0229
Epoch 227  loss: 0.0158 acc: 0.9948 Valid  loss: 7.5371  acc: 0.5208  macro_f1: 0.3988  micro_f1: 0.5208
Test  loss: 6.5354 acc: 0.6346 macro f1: 0.6080 macro precision: 0.6311 macro recall: 0.6121 time: 0.0128
Epoch 228  loss: 0.0006 acc: 1.0000 time0.0217
Epoch 228  loss: 0.0099 acc: 0.9948 Valid  loss: 7.7597  acc: 0.5000  macro_f1: 0.3891  micro_f1: 0.5000
Test  loss: 6.4952 acc: 0.6538 macro f1: 0.6302 macro precision: 0.6487 macro recall: 0.6330 time: 0.0127
Epoch 229  loss: 0.0002 acc: 1.0000 time0.0273
Epoch 229  loss: 0.0051 acc: 0.9948 Valid  loss: 7.9377  acc: 0.5208  macro_f1: 0.4378  micro_f1: 0.5208
Test  loss: 6.4682 acc: 0.6346 macro f1: 0.6132 macro precision: 0.6301 macro recall: 0.6159 time: 0.0146
Epoch 230  loss: 0.0003 acc: 1.0000 time0.0234
Epoch 230  loss: 0.0001 acc: 1.0000 Valid  loss: 8.1462  acc: 0.5000  macro_f1: 0.4247  micro_f1: 0.5000
Test  loss: 6.3670 acc: 0.6538 macro f1: 0.6382 macro precision: 0.6472 macro recall: 0.6426 time: 0.0123
Epoch 231  loss: 0.0001 acc: 1.0000 time0.0220
Epoch 231  loss: 0.0000 acc: 1.0000 Valid  loss: 8.3871  acc: 0.4792  macro_f1: 0.4115  micro_f1: 0.4792
Test  loss: 6.3056 acc: 0.6635 macro f1: 0.6495 macro precision: 0.6538 macro recall: 0.6559 time: 0.0121
Epoch 232  loss: 0.0002 acc: 1.0000 time0.0212
Epoch 232  loss: 0.0000 acc: 1.0000 Valid  loss: 8.6260  acc: 0.4792  macro_f1: 0.4115  micro_f1: 0.4792
Test  loss: 6.3977 acc: 0.6635 macro f1: 0.6495 macro precision: 0.6538 macro recall: 0.6559 time: 0.0121
Epoch 233  loss: 0.0001 acc: 1.0000 time0.0221
Epoch 233  loss: 0.0000 acc: 1.0000 Valid  loss: 8.6998  acc: 0.4792  macro_f1: 0.4115  micro_f1: 0.4792
Test  loss: 6.4236 acc: 0.6635 macro f1: 0.6495 macro precision: 0.6538 macro recall: 0.6559 time: 0.0122
Epoch 234  loss: 0.0011 acc: 1.0000 time0.0228
Epoch 234  loss: 0.0000 acc: 1.0000 Valid  loss: 8.9255  acc: 0.4792  macro_f1: 0.4115  micro_f1: 0.4792
Test  loss: 6.3852 acc: 0.6635 macro f1: 0.6495 macro precision: 0.6538 macro recall: 0.6559 time: 0.0121
Epoch 235  loss: 0.0041 acc: 1.0000 time0.0212
Epoch 235  loss: 0.0000 acc: 1.0000 Valid  loss: 8.9155  acc: 0.4792  macro_f1: 0.4115  micro_f1: 0.4792
Test  loss: 6.4256 acc: 0.6635 macro f1: 0.6495 macro precision: 0.6538 macro recall: 0.6559 time: 0.0123
Epoch 236  loss: 0.0001 acc: 1.0000 time0.0221
Epoch 236  loss: 0.0000 acc: 1.0000 Valid  loss: 8.8306  acc: 0.5000  macro_f1: 0.4290  micro_f1: 0.5000
Test  loss: 6.4049 acc: 0.6635 macro f1: 0.6495 macro precision: 0.6538 macro recall: 0.6559 time: 0.0123
Epoch 237  loss: 0.0002 acc: 1.0000 time0.0222
Epoch 237  loss: 0.0000 acc: 1.0000 Valid  loss: 8.8204  acc: 0.5000  macro_f1: 0.4290  micro_f1: 0.5000
Test  loss: 6.4034 acc: 0.6538 macro f1: 0.6405 macro precision: 0.6447 macro recall: 0.6464 time: 0.0123
Epoch 238  loss: 0.0001 acc: 1.0000 time0.0215
Epoch 238  loss: 0.0000 acc: 1.0000 Valid  loss: 8.6652  acc: 0.5000  macro_f1: 0.4290  micro_f1: 0.5000
Test  loss: 6.3894 acc: 0.6635 macro f1: 0.6492 macro precision: 0.6527 macro recall: 0.6540 time: 0.0119
Epoch 239  loss: 0.0001 acc: 1.0000 time0.0221
Epoch 239  loss: 0.0000 acc: 1.0000 Valid  loss: 8.5749  acc: 0.5000  macro_f1: 0.4290  micro_f1: 0.5000
Test  loss: 6.2778 acc: 0.6635 macro f1: 0.6458 macro precision: 0.6489 macro recall: 0.6502 time: 0.0124
Epoch 240  loss: 0.0014 acc: 1.0000 time0.0217
Epoch 240  loss: 0.0000 acc: 1.0000 Valid  loss: 8.5716  acc: 0.5000  macro_f1: 0.4290  micro_f1: 0.5000
Test  loss: 6.3795 acc: 0.6731 macro f1: 0.6584 macro precision: 0.6623 macro recall: 0.6635 time: 0.0120
Epoch 241  loss: 0.0004 acc: 1.0000 time0.0216
Epoch 241  loss: 0.0000 acc: 1.0000 Valid  loss: 8.5667  acc: 0.5000  macro_f1: 0.4290  micro_f1: 0.5000
Test  loss: 6.3848 acc: 0.6731 macro f1: 0.6584 macro precision: 0.6623 macro recall: 0.6635 time: 0.0125
Epoch 242  loss: 0.0020 acc: 1.0000 time0.0220
Epoch 242  loss: 0.0000 acc: 1.0000 Valid  loss: 8.4598  acc: 0.5000  macro_f1: 0.4290  micro_f1: 0.5000
Test  loss: 6.2940 acc: 0.6731 macro f1: 0.6545 macro precision: 0.6580 macro recall: 0.6577 time: 0.0119
Epoch 243  loss: 0.0002 acc: 1.0000 time0.0220
Epoch 243  loss: 0.0000 acc: 1.0000 Valid  loss: 8.4350  acc: 0.4792  macro_f1: 0.4115  micro_f1: 0.4792
Test  loss: 6.3122 acc: 0.6731 macro f1: 0.6545 macro precision: 0.6580 macro recall: 0.6577 time: 0.0117
Epoch 244  loss: 0.0003 acc: 1.0000 time0.0233
Epoch 244  loss: 0.0000 acc: 1.0000 Valid  loss: 8.3219  acc: 0.5000  macro_f1: 0.4290  micro_f1: 0.5000
Test  loss: 6.3252 acc: 0.6635 macro f1: 0.6413 macro precision: 0.6464 macro recall: 0.6444 time: 0.0119
Epoch 245  loss: 0.0011 acc: 1.0000 time0.0227
Epoch 245  loss: 0.0000 acc: 1.0000 Valid  loss: 8.2030  acc: 0.5417  macro_f1: 0.4556  micro_f1: 0.5417
Test  loss: 6.3289 acc: 0.6635 macro f1: 0.6413 macro precision: 0.6464 macro recall: 0.6444 time: 0.0122
Epoch 246  loss: 0.0023 acc: 1.0000 time0.0227
Epoch 246  loss: 0.0000 acc: 1.0000 Valid  loss: 8.2004  acc: 0.5208  macro_f1: 0.4378  micro_f1: 0.5208
Test  loss: 6.3746 acc: 0.6538 macro f1: 0.6278 macro precision: 0.6344 macro recall: 0.6311 time: 0.0118
Epoch 247  loss: 0.0001 acc: 1.0000 time0.0217
Epoch 247  loss: 0.0000 acc: 1.0000 Valid  loss: 8.1488  acc: 0.5208  macro_f1: 0.4378  micro_f1: 0.5208
Test  loss: 6.4472 acc: 0.6442 macro f1: 0.6203 macro precision: 0.6315 macro recall: 0.6235 time: 0.0119
Epoch 248  loss: 0.0013 acc: 1.0000 time0.0223
Epoch 248  loss: 0.0000 acc: 1.0000 Valid  loss: 8.1252  acc: 0.5208  macro_f1: 0.4378  micro_f1: 0.5208
Test  loss: 6.5076 acc: 0.6442 macro f1: 0.6212 macro precision: 0.6361 macro recall: 0.6235 time: 0.0123
Epoch 249  loss: 0.0003 acc: 1.0000 time0.0220
Epoch 249  loss: 0.0000 acc: 1.0000 Valid  loss: 8.1277  acc: 0.5208  macro_f1: 0.4378  micro_f1: 0.5208
Test  loss: 6.7280 acc: 0.6442 macro f1: 0.6271 macro precision: 0.6446 macro recall: 0.6293 time: 0.0123
Epoch 250  loss: 0.0002 acc: 1.0000 time0.0206
Epoch 250  loss: 0.0001 acc: 1.0000 Valid  loss: 8.1416  acc: 0.5208  macro_f1: 0.4378  micro_f1: 0.5208
Test  loss: 6.7548 acc: 0.6538 macro f1: 0.6363 macro precision: 0.6571 macro recall: 0.6388 time: 0.0115
Best validation: VALID ACC 0.5416666865348816  MACRO F1 0.43333333333333335 MICRO F1 0.5416666666666666 EPOCH 12
Best test: TEST ACC 0.7307692170143127 TEST F1 0.7141148325358851 TEST PRECISION 0.7302777453611857 TEST RECALL 0.7089610389610389 EPOCH 27
Epoch 251  loss: 0.0004 acc: 1.0000 time0.0207
Epoch 251  loss: 0.0001 acc: 1.0000 Valid  loss: 8.1334  acc: 0.5208  macro_f1: 0.4378  micro_f1: 0.5208
Test  loss: 6.7887 acc: 0.6346 macro f1: 0.6178 macro precision: 0.6340 macro recall: 0.6217 time: 0.0121
Epoch 252  loss: 0.0002 acc: 1.0000 time0.0211
Epoch 252  loss: 0.0001 acc: 1.0000 Valid  loss: 8.2187  acc: 0.5000  macro_f1: 0.3891  micro_f1: 0.5000
Test  loss: 6.7594 acc: 0.6346 macro f1: 0.6178 macro precision: 0.6340 macro recall: 0.6217 time: 0.0125
Epoch 253  loss: 0.0009 acc: 1.0000 time0.0210
Epoch 253  loss: 0.0001 acc: 1.0000 Valid  loss: 8.2313  acc: 0.5000  macro_f1: 0.3891  micro_f1: 0.5000
Test  loss: 6.7789 acc: 0.6346 macro f1: 0.6178 macro precision: 0.6340 macro recall: 0.6217 time: 0.0122
Epoch 254  loss: 0.0002 acc: 1.0000 time0.0211
Epoch 254  loss: 0.0001 acc: 1.0000 Valid  loss: 8.2889  acc: 0.5000  macro_f1: 0.3891  micro_f1: 0.5000
Test  loss: 6.8246 acc: 0.6346 macro f1: 0.6178 macro precision: 0.6340 macro recall: 0.6217 time: 0.0122
Epoch 255  loss: 0.0020 acc: 1.0000 time0.0233
Epoch 255  loss: 0.0000 acc: 1.0000 Valid  loss: 8.2493  acc: 0.5208  macro_f1: 0.4378  micro_f1: 0.5208
Test  loss: 6.8230 acc: 0.6346 macro f1: 0.6178 macro precision: 0.6340 macro recall: 0.6217 time: 0.0123
Epoch 256  loss: 0.0009 acc: 1.0000 time0.0222
Epoch 256  loss: 0.0000 acc: 1.0000 Valid  loss: 8.1980  acc: 0.5208  macro_f1: 0.4378  micro_f1: 0.5208
Test  loss: 6.8393 acc: 0.6442 macro f1: 0.6271 macro precision: 0.6446 macro recall: 0.6293 time: 0.0121
Epoch 257  loss: 0.0002 acc: 1.0000 time0.0204
Epoch 257  loss: 0.0000 acc: 1.0000 Valid  loss: 8.1778  acc: 0.5208  macro_f1: 0.4378  micro_f1: 0.5208
Test  loss: 6.6639 acc: 0.6442 macro f1: 0.6271 macro precision: 0.6446 macro recall: 0.6293 time: 0.0124
Epoch 258  loss: 0.0012 acc: 1.0000 time0.0216
Epoch 258  loss: 0.0000 acc: 1.0000 Valid  loss: 8.2768  acc: 0.5208  macro_f1: 0.4378  micro_f1: 0.5208
Test  loss: 6.6382 acc: 0.6538 macro f1: 0.6351 macro precision: 0.6505 macro recall: 0.6368 time: 0.0120
Epoch 259  loss: 0.0001 acc: 1.0000 time0.0231
Epoch 259  loss: 0.0000 acc: 1.0000 Valid  loss: 8.3481  acc: 0.5208  macro_f1: 0.4378  micro_f1: 0.5208
Test  loss: 6.6423 acc: 0.6442 macro f1: 0.6212 macro precision: 0.6361 macro recall: 0.6235 time: 0.0119
Epoch 260  loss: 0.0003 acc: 1.0000 time0.0219
Epoch 260  loss: 0.0000 acc: 1.0000 Valid  loss: 8.3053  acc: 0.5208  macro_f1: 0.4378  micro_f1: 0.5208
Test  loss: 6.6355 acc: 0.6442 macro f1: 0.6212 macro precision: 0.6361 macro recall: 0.6235 time: 0.0125
Epoch 261  loss: 0.0003 acc: 1.0000 time0.0213
Epoch 261  loss: 0.0000 acc: 1.0000 Valid  loss: 8.3337  acc: 0.5208  macro_f1: 0.4378  micro_f1: 0.5208
Test  loss: 6.6395 acc: 0.6346 macro f1: 0.6119 macro precision: 0.6216 macro recall: 0.6140 time: 0.0126
Epoch 262  loss: 0.0009 acc: 1.0000 time0.0213
Epoch 262  loss: 0.0000 acc: 1.0000 Valid  loss: 8.3923  acc: 0.5000  macro_f1: 0.4247  micro_f1: 0.5000
Test  loss: 6.6532 acc: 0.6346 macro f1: 0.6112 macro precision: 0.6180 macro recall: 0.6140 time: 0.0119
Epoch 263  loss: 0.0001 acc: 1.0000 time0.0230
Epoch 263  loss: 0.0000 acc: 1.0000 Valid  loss: 8.3812  acc: 0.5000  macro_f1: 0.4247  micro_f1: 0.5000
Test  loss: 6.5987 acc: 0.6346 macro f1: 0.6108 macro precision: 0.6154 macro recall: 0.6140 time: 0.0123
Epoch 264  loss: 0.0003 acc: 1.0000 time0.0212
Epoch 264  loss: 0.0000 acc: 1.0000 Valid  loss: 8.3817  acc: 0.5208  macro_f1: 0.4423  micro_f1: 0.5208
Test  loss: 6.5963 acc: 0.6346 macro f1: 0.6112 macro precision: 0.6180 macro recall: 0.6140 time: 0.0122
Epoch 265  loss: 0.0001 acc: 1.0000 time0.0221
Epoch 265  loss: 0.0000 acc: 1.0000 Valid  loss: 8.4580  acc: 0.5208  macro_f1: 0.4423  micro_f1: 0.5208
Test  loss: 6.7092 acc: 0.6346 macro f1: 0.6155 macro precision: 0.6195 macro recall: 0.6178 time: 0.0122
Epoch 266  loss: 0.0004 acc: 1.0000 time0.0220
Epoch 266  loss: 0.0000 acc: 1.0000 Valid  loss: 8.4900  acc: 0.5208  macro_f1: 0.4423  micro_f1: 0.5208
Test  loss: 6.7036 acc: 0.6346 macro f1: 0.6196 macro precision: 0.6212 macro recall: 0.6216 time: 0.0120
Epoch 267  loss: 0.0005 acc: 1.0000 time0.0211
Epoch 267  loss: 0.0000 acc: 1.0000 Valid  loss: 8.5815  acc: 0.5208  macro_f1: 0.4423  micro_f1: 0.5208
Test  loss: 6.7011 acc: 0.6346 macro f1: 0.6191 macro precision: 0.6197 macro recall: 0.6216 time: 0.0121
Epoch 268  loss: 0.0002 acc: 1.0000 time0.0225
Epoch 268  loss: 0.0000 acc: 1.0000 Valid  loss: 8.5763  acc: 0.5000  macro_f1: 0.4290  micro_f1: 0.5000
Test  loss: 6.7226 acc: 0.6442 macro f1: 0.6315 macro precision: 0.6324 macro recall: 0.6349 time: 0.0120
Epoch 269  loss: 0.0008 acc: 1.0000 time0.0219
Epoch 269  loss: 0.0000 acc: 1.0000 Valid  loss: 8.7171  acc: 0.5000  macro_f1: 0.4290  micro_f1: 0.5000
Test  loss: 6.7122 acc: 0.6442 macro f1: 0.6315 macro precision: 0.6324 macro recall: 0.6349 time: 0.0116
Epoch 270  loss: 0.0002 acc: 1.0000 time0.0214
Epoch 270  loss: 0.0000 acc: 1.0000 Valid  loss: 9.0075  acc: 0.5000  macro_f1: 0.4290  micro_f1: 0.5000
Test  loss: 6.7844 acc: 0.6442 macro f1: 0.6315 macro precision: 0.6324 macro recall: 0.6349 time: 0.0124
Epoch 271  loss: 0.0002 acc: 1.0000 time0.0221
Epoch 271  loss: 0.0000 acc: 1.0000 Valid  loss: 9.1023  acc: 0.4792  macro_f1: 0.4115  micro_f1: 0.4792
Test  loss: 6.7933 acc: 0.6442 macro f1: 0.6315 macro precision: 0.6324 macro recall: 0.6349 time: 0.0123
Epoch 272  loss: 0.0004 acc: 1.0000 time0.0241
Epoch 272  loss: 0.0000 acc: 1.0000 Valid  loss: 9.1675  acc: 0.4792  macro_f1: 0.4115  micro_f1: 0.4792
Test  loss: 6.7922 acc: 0.6538 macro f1: 0.6404 macro precision: 0.6424 macro recall: 0.6445 time: 0.0128
Epoch 273  loss: 0.0002 acc: 1.0000 time0.0231
Epoch 273  loss: 0.0000 acc: 1.0000 Valid  loss: 9.2364  acc: 0.4792  macro_f1: 0.4115  micro_f1: 0.4792
Test  loss: 6.7732 acc: 0.6538 macro f1: 0.6404 macro precision: 0.6424 macro recall: 0.6445 time: 0.0118
Epoch 274  loss: 0.0001 acc: 1.0000 time0.0217
Epoch 274  loss: 0.0000 acc: 1.0000 Valid  loss: 9.3178  acc: 0.4792  macro_f1: 0.4115  micro_f1: 0.4792
Test  loss: 6.7991 acc: 0.6442 macro f1: 0.6317 macro precision: 0.6343 macro recall: 0.6369 time: 0.0120
Epoch 275  loss: 0.0002 acc: 1.0000 time0.0203
Epoch 275  loss: 0.0000 acc: 1.0000 Valid  loss: 9.3157  acc: 0.4792  macro_f1: 0.4115  micro_f1: 0.4792
Test  loss: 6.8065 acc: 0.6442 macro f1: 0.6317 macro precision: 0.6343 macro recall: 0.6369 time: 0.0117
Epoch 276  loss: 0.0008 acc: 1.0000 time0.0222
Epoch 276  loss: 0.0000 acc: 1.0000 Valid  loss: 9.3069  acc: 0.4792  macro_f1: 0.4115  micro_f1: 0.4792
Test  loss: 6.8201 acc: 0.6442 macro f1: 0.6317 macro precision: 0.6343 macro recall: 0.6369 time: 0.0124
Epoch 277  loss: 0.0004 acc: 1.0000 time0.0205
Epoch 277  loss: 0.0000 acc: 1.0000 Valid  loss: 9.3139  acc: 0.4792  macro_f1: 0.4115  micro_f1: 0.4792
Test  loss: 6.8203 acc: 0.6442 macro f1: 0.6317 macro precision: 0.6343 macro recall: 0.6369 time: 0.0116
Epoch 278  loss: 0.0003 acc: 1.0000 time0.0222
Epoch 278  loss: 0.0000 acc: 1.0000 Valid  loss: 9.2013  acc: 0.4792  macro_f1: 0.4115  micro_f1: 0.4792
Test  loss: 6.8230 acc: 0.6442 macro f1: 0.6317 macro precision: 0.6343 macro recall: 0.6369 time: 0.0118
Epoch 279  loss: 0.0016 acc: 1.0000 time0.0220
Epoch 279  loss: 0.0000 acc: 1.0000 Valid  loss: 9.2668  acc: 0.4792  macro_f1: 0.4115  micro_f1: 0.4792
Test  loss: 6.8219 acc: 0.6442 macro f1: 0.6317 macro precision: 0.6343 macro recall: 0.6369 time: 0.0121
Epoch 280  loss: 0.0002 acc: 1.0000 time0.0224
Epoch 280  loss: 0.0000 acc: 1.0000 Valid  loss: 9.1683  acc: 0.4792  macro_f1: 0.4115  micro_f1: 0.4792
Test  loss: 6.8150 acc: 0.6442 macro f1: 0.6317 macro precision: 0.6343 macro recall: 0.6369 time: 0.0123
Epoch 281  loss: 0.0002 acc: 1.0000 time0.0215
Epoch 281  loss: 0.0000 acc: 1.0000 Valid  loss: 9.0546  acc: 0.4792  macro_f1: 0.4115  micro_f1: 0.4792
Test  loss: 6.8154 acc: 0.6538 macro f1: 0.6404 macro precision: 0.6424 macro recall: 0.6445 time: 0.0118
Epoch 282  loss: 0.0001 acc: 1.0000 time0.0217
Epoch 282  loss: 0.0000 acc: 1.0000 Valid  loss: 8.9171  acc: 0.4792  macro_f1: 0.4115  micro_f1: 0.4792
Test  loss: 6.8176 acc: 0.6538 macro f1: 0.6404 macro precision: 0.6424 macro recall: 0.6445 time: 0.0120
Epoch 283  loss: 0.0000 acc: 1.0000 time0.0208
Epoch 283  loss: 0.0000 acc: 1.0000 Valid  loss: 8.7135  acc: 0.5000  macro_f1: 0.4247  micro_f1: 0.5000
Test  loss: 6.8095 acc: 0.6442 macro f1: 0.6315 macro precision: 0.6324 macro recall: 0.6349 time: 0.0126
Epoch 284  loss: 0.0001 acc: 1.0000 time0.0215
Epoch 284  loss: 0.0000 acc: 1.0000 Valid  loss: 8.5776  acc: 0.5000  macro_f1: 0.4247  micro_f1: 0.5000
Test  loss: 6.7781 acc: 0.6538 macro f1: 0.6404 macro precision: 0.6424 macro recall: 0.6445 time: 0.0119
Epoch 285  loss: 0.0001 acc: 1.0000 time0.0221
Epoch 285  loss: 0.0000 acc: 1.0000 Valid  loss: 8.5832  acc: 0.5000  macro_f1: 0.4247  micro_f1: 0.5000
Test  loss: 6.7772 acc: 0.6442 macro f1: 0.6285 macro precision: 0.6330 macro recall: 0.6311 time: 0.0125
Epoch 286  loss: 0.0002 acc: 1.0000 time0.0212
Epoch 286  loss: 0.0000 acc: 1.0000 Valid  loss: 8.5640  acc: 0.5208  macro_f1: 0.4378  micro_f1: 0.5208
Test  loss: 6.6859 acc: 0.6442 macro f1: 0.6285 macro precision: 0.6330 macro recall: 0.6311 time: 0.0117
Epoch 287  loss: 0.0002 acc: 1.0000 time0.0222
Epoch 287  loss: 0.0000 acc: 1.0000 Valid  loss: 8.5127  acc: 0.5208  macro_f1: 0.4378  micro_f1: 0.5208
Test  loss: 6.6989 acc: 0.6442 macro f1: 0.6285 macro precision: 0.6330 macro recall: 0.6311 time: 0.0119
Epoch 288  loss: 0.0004 acc: 1.0000 time0.0231
Epoch 288  loss: 0.0000 acc: 1.0000 Valid  loss: 8.4841  acc: 0.5208  macro_f1: 0.4378  micro_f1: 0.5208
Test  loss: 6.6997 acc: 0.6442 macro f1: 0.6292 macro precision: 0.6356 macro recall: 0.6311 time: 0.0141
Epoch 289  loss: 0.0001 acc: 1.0000 time0.0280
Epoch 289  loss: 0.0000 acc: 1.0000 Valid  loss: 8.4590  acc: 0.5208  macro_f1: 0.4378  micro_f1: 0.5208
Test  loss: 6.7450 acc: 0.6442 macro f1: 0.6302 macro precision: 0.6391 macro recall: 0.6311 time: 0.0122
Epoch 290  loss: 0.0002 acc: 1.0000 time0.0214
Epoch 290  loss: 0.0000 acc: 1.0000 Valid  loss: 8.5059  acc: 0.5208  macro_f1: 0.4378  micro_f1: 0.5208
Test  loss: 6.7484 acc: 0.6442 macro f1: 0.6302 macro precision: 0.6391 macro recall: 0.6311 time: 0.0123
Epoch 291  loss: 0.0004 acc: 1.0000 time0.0218
Epoch 291  loss: 0.0000 acc: 1.0000 Valid  loss: 8.4595  acc: 0.5208  macro_f1: 0.4378  micro_f1: 0.5208
Test  loss: 6.7605 acc: 0.6346 macro f1: 0.6172 macro precision: 0.6283 macro recall: 0.6178 time: 0.0125
Epoch 292  loss: 0.0002 acc: 1.0000 time0.0219
Epoch 292  loss: 0.0000 acc: 1.0000 Valid  loss: 8.4489  acc: 0.5208  macro_f1: 0.4378  micro_f1: 0.5208
Test  loss: 6.7650 acc: 0.6346 macro f1: 0.6172 macro precision: 0.6283 macro recall: 0.6178 time: 0.0117
Epoch 293  loss: 0.0001 acc: 1.0000 time0.0204
Epoch 293  loss: 0.0000 acc: 1.0000 Valid  loss: 8.5762  acc: 0.5208  macro_f1: 0.4378  micro_f1: 0.5208
Test  loss: 6.7587 acc: 0.6442 macro f1: 0.6266 macro precision: 0.6401 macro recall: 0.6273 time: 0.0121
Epoch 294  loss: 0.0001 acc: 1.0000 time0.0226
Epoch 294  loss: 0.0000 acc: 1.0000 Valid  loss: 8.5290  acc: 0.5208  macro_f1: 0.4378  micro_f1: 0.5208
Test  loss: 6.7548 acc: 0.6538 macro f1: 0.6351 macro precision: 0.6505 macro recall: 0.6368 time: 0.0124
Epoch 295  loss: 0.0001 acc: 1.0000 time0.0235
Epoch 295  loss: 0.0000 acc: 1.0000 Valid  loss: 8.5377  acc: 0.5208  macro_f1: 0.4378  micro_f1: 0.5208
Test  loss: 6.7513 acc: 0.6538 macro f1: 0.6351 macro precision: 0.6505 macro recall: 0.6368 time: 0.0121
Epoch 296  loss: 0.0000 acc: 1.0000 time0.0212
Epoch 296  loss: 0.0000 acc: 1.0000 Valid  loss: 8.4896  acc: 0.5208  macro_f1: 0.4378  micro_f1: 0.5208
Test  loss: 6.7636 acc: 0.6538 macro f1: 0.6351 macro precision: 0.6505 macro recall: 0.6368 time: 0.0130
Epoch 297  loss: 0.0001 acc: 1.0000 time0.0202
Epoch 297  loss: 0.0000 acc: 1.0000 Valid  loss: 8.4889  acc: 0.5208  macro_f1: 0.4378  micro_f1: 0.5208
Test  loss: 6.7645 acc: 0.6538 macro f1: 0.6351 macro precision: 0.6505 macro recall: 0.6368 time: 0.0119
Epoch 298  loss: 0.0003 acc: 1.0000 time0.0220
Epoch 298  loss: 0.0000 acc: 1.0000 Valid  loss: 8.5262  acc: 0.5208  macro_f1: 0.4378  micro_f1: 0.5208
Test  loss: 6.7513 acc: 0.6538 macro f1: 0.6351 macro precision: 0.6505 macro recall: 0.6368 time: 0.0118
Epoch 299  loss: 0.0002 acc: 1.0000 time0.0217
Epoch 299  loss: 0.0000 acc: 1.0000 Valid  loss: 8.5281  acc: 0.5208  macro_f1: 0.4378  micro_f1: 0.5208
Test  loss: 6.7489 acc: 0.6538 macro f1: 0.6351 macro precision: 0.6505 macro recall: 0.6368 time: 0.0124
Epoch 300  loss: 0.0004 acc: 1.0000 time0.0223
Epoch 300  loss: 0.0000 acc: 1.0000 Valid  loss: 8.5231  acc: 0.5208  macro_f1: 0.4378  micro_f1: 0.5208
Test  loss: 6.7411 acc: 0.6538 macro f1: 0.6351 macro precision: 0.6505 macro recall: 0.6368 time: 0.0125
Best validation: VALID ACC 0.5416666865348816  MACRO F1 0.43333333333333335 MICRO F1 0.5416666666666666 EPOCH 12
Best test: TEST ACC 0.7307692170143127 TEST F1 0.7141148325358851 TEST PRECISION 0.7302777453611857 TEST RECALL 0.7089610389610389 EPOCH 27
Epoch 301  loss: 0.0002 acc: 1.0000 time0.0214
Epoch 301  loss: 0.0000 acc: 1.0000 Valid  loss: 8.4895  acc: 0.5208  macro_f1: 0.4378  micro_f1: 0.5208
Test  loss: 6.7465 acc: 0.6538 macro f1: 0.6351 macro precision: 0.6505 macro recall: 0.6368 time: 0.0122
Epoch 302  loss: 0.0014 acc: 1.0000 time0.0213
Epoch 302  loss: 0.0000 acc: 1.0000 Valid  loss: 8.4645  acc: 0.5208  macro_f1: 0.4378  micro_f1: 0.5208
Test  loss: 6.7719 acc: 0.6538 macro f1: 0.6341 macro precision: 0.6460 macro recall: 0.6368 time: 0.0123
Epoch 303  loss: 0.0001 acc: 1.0000 time0.0218
Epoch 303  loss: 0.0000 acc: 1.0000 Valid  loss: 8.6098  acc: 0.5208  macro_f1: 0.4378  micro_f1: 0.5208
Test  loss: 6.8582 acc: 0.6538 macro f1: 0.6333 macro precision: 0.6424 macro recall: 0.6368 time: 0.0122
Epoch 304  loss: 0.0002 acc: 1.0000 time0.0221
Epoch 304  loss: 0.0000 acc: 1.0000 Valid  loss: 8.5894  acc: 0.5208  macro_f1: 0.4378  micro_f1: 0.5208
Test  loss: 6.9002 acc: 0.6442 macro f1: 0.6246 macro precision: 0.6333 macro recall: 0.6293 time: 0.0120
Epoch 305  loss: 0.0001 acc: 1.0000 time0.0221
Epoch 305  loss: 0.0000 acc: 1.0000 Valid  loss: 8.6409  acc: 0.5208  macro_f1: 0.4378  micro_f1: 0.5208
Test  loss: 6.9042 acc: 0.6442 macro f1: 0.6246 macro precision: 0.6333 macro recall: 0.6293 time: 0.0123
Epoch 306  loss: 0.0002 acc: 1.0000 time0.0213
Epoch 306  loss: 0.0000 acc: 1.0000 Valid  loss: 8.6385  acc: 0.5208  macro_f1: 0.4378  micro_f1: 0.5208
Test  loss: 6.9108 acc: 0.6442 macro f1: 0.6241 macro precision: 0.6312 macro recall: 0.6293 time: 0.0118
Epoch 307  loss: 0.0004 acc: 1.0000 time0.0217
Epoch 307  loss: 0.0000 acc: 1.0000 Valid  loss: 8.6992  acc: 0.5000  macro_f1: 0.4247  micro_f1: 0.5000
Test  loss: 6.8966 acc: 0.6442 macro f1: 0.6241 macro precision: 0.6312 macro recall: 0.6293 time: 0.0118
Epoch 308  loss: 0.0002 acc: 1.0000 time0.0221
Epoch 308  loss: 0.0000 acc: 1.0000 Valid  loss: 8.6957  acc: 0.5000  macro_f1: 0.4247  micro_f1: 0.5000
Test  loss: 6.8941 acc: 0.6538 macro f1: 0.6370 macro precision: 0.6426 macro recall: 0.6426 time: 0.0122
Epoch 309  loss: 0.0001 acc: 1.0000 time0.0228
Epoch 309  loss: 0.0000 acc: 1.0000 Valid  loss: 8.7439  acc: 0.5000  macro_f1: 0.4247  micro_f1: 0.5000
Test  loss: 6.8886 acc: 0.6538 macro f1: 0.6370 macro precision: 0.6426 macro recall: 0.6426 time: 0.0117
Epoch 310  loss: 0.0002 acc: 1.0000 time0.0224
Epoch 310  loss: 0.0000 acc: 1.0000 Valid  loss: 8.8098  acc: 0.5000  macro_f1: 0.4247  micro_f1: 0.5000
Test  loss: 6.9086 acc: 0.6538 macro f1: 0.6370 macro precision: 0.6426 macro recall: 0.6426 time: 0.0118
Epoch 311  loss: 0.0001 acc: 1.0000 time0.0221
Epoch 311  loss: 0.0000 acc: 1.0000 Valid  loss: 8.8486  acc: 0.4792  macro_f1: 0.4115  micro_f1: 0.4792
Test  loss: 6.9125 acc: 0.6442 macro f1: 0.6284 macro precision: 0.6323 macro recall: 0.6331 time: 0.0119
Epoch 312  loss: 0.0005 acc: 1.0000 time0.0217
Epoch 312  loss: 0.0000 acc: 1.0000 Valid  loss: 8.8494  acc: 0.4792  macro_f1: 0.4115  micro_f1: 0.4792
Test  loss: 6.8911 acc: 0.6538 macro f1: 0.6409 macro precision: 0.6435 macro recall: 0.6464 time: 0.0120
Epoch 313  loss: 0.0009 acc: 1.0000 time0.0216
Epoch 313  loss: 0.0000 acc: 1.0000 Valid  loss: 8.9954  acc: 0.4792  macro_f1: 0.4115  micro_f1: 0.4792
Test  loss: 6.8496 acc: 0.6538 macro f1: 0.6409 macro precision: 0.6435 macro recall: 0.6464 time: 0.0116
Epoch 314  loss: 0.0001 acc: 1.0000 time0.0224
Epoch 314  loss: 0.0000 acc: 1.0000 Valid  loss: 9.0162  acc: 0.4792  macro_f1: 0.4115  micro_f1: 0.4792
Test  loss: 6.8777 acc: 0.6346 macro f1: 0.6228 macro precision: 0.6240 macro recall: 0.6274 time: 0.0118
Epoch 315  loss: 0.0007 acc: 1.0000 time0.0230
Epoch 315  loss: 0.0000 acc: 1.0000 Valid  loss: 8.9475  acc: 0.5000  macro_f1: 0.4247  micro_f1: 0.5000
Test  loss: 6.8385 acc: 0.6442 macro f1: 0.6315 macro precision: 0.6324 macro recall: 0.6349 time: 0.0119
Epoch 316  loss: 0.0001 acc: 1.0000 time0.0224
Epoch 316  loss: 0.0000 acc: 1.0000 Valid  loss: 8.5978  acc: 0.5000  macro_f1: 0.4247  micro_f1: 0.5000
Test  loss: 6.8265 acc: 0.6346 macro f1: 0.6190 macro precision: 0.6211 macro recall: 0.6216 time: 0.0118
Epoch 317  loss: 0.0000 acc: 1.0000 time0.0204
Epoch 317  loss: 0.0000 acc: 1.0000 Valid  loss: 8.5495  acc: 0.5000  macro_f1: 0.4247  micro_f1: 0.5000
Test  loss: 6.8141 acc: 0.6250 macro f1: 0.6063 macro precision: 0.6095 macro recall: 0.6083 time: 0.0118
Epoch 318  loss: 0.0001 acc: 1.0000 time0.0219
Epoch 318  loss: 0.0000 acc: 1.0000 Valid  loss: 8.4648  acc: 0.5417  macro_f1: 0.4556  micro_f1: 0.5417
Test  loss: 6.8313 acc: 0.6250 macro f1: 0.6063 macro precision: 0.6095 macro recall: 0.6083 time: 0.0119
Epoch 319  loss: 0.0002 acc: 1.0000 time0.0220
Epoch 319  loss: 0.0000 acc: 1.0000 Valid  loss: 8.4379  acc: 0.5417  macro_f1: 0.4556  micro_f1: 0.5417
Test  loss: 6.7403 acc: 0.6250 macro f1: 0.6068 macro precision: 0.6115 macro recall: 0.6083 time: 0.0119
Epoch 320  loss: 0.0001 acc: 1.0000 time0.0218
Epoch 320  loss: 0.0000 acc: 1.0000 Valid  loss: 8.4174  acc: 0.5417  macro_f1: 0.4556  micro_f1: 0.5417
Test  loss: 6.7475 acc: 0.6250 macro f1: 0.6068 macro precision: 0.6115 macro recall: 0.6083 time: 0.0121
Epoch 321  loss: 0.0003 acc: 1.0000 time0.0218
Epoch 321  loss: 0.0000 acc: 1.0000 Valid  loss: 8.3800  acc: 0.5417  macro_f1: 0.4556  micro_f1: 0.5417
Test  loss: 6.7502 acc: 0.6250 macro f1: 0.6068 macro precision: 0.6115 macro recall: 0.6083 time: 0.0123
Epoch 322  loss: 0.0002 acc: 1.0000 time0.0226
Epoch 322  loss: 0.0000 acc: 1.0000 Valid  loss: 8.3767  acc: 0.5417  macro_f1: 0.4556  micro_f1: 0.5417
Test  loss: 6.7295 acc: 0.6346 macro f1: 0.6154 macro precision: 0.6208 macro recall: 0.6158 time: 0.0119
Epoch 323  loss: 0.0003 acc: 1.0000 time0.0220
Epoch 323  loss: 0.0000 acc: 1.0000 Valid  loss: 8.3655  acc: 0.5417  macro_f1: 0.4556  micro_f1: 0.5417
Test  loss: 6.7496 acc: 0.6250 macro f1: 0.6068 macro precision: 0.6115 macro recall: 0.6083 time: 0.0122
Epoch 324  loss: 0.0008 acc: 1.0000 time0.0219
Epoch 324  loss: 0.0000 acc: 1.0000 Valid  loss: 8.3744  acc: 0.5208  macro_f1: 0.4378  micro_f1: 0.5208
Test  loss: 6.7313 acc: 0.6250 macro f1: 0.6068 macro precision: 0.6115 macro recall: 0.6083 time: 0.0126
Epoch 325  loss: 0.0098 acc: 0.9948 time0.0219
Epoch 325  loss: 0.0000 acc: 1.0000 Valid  loss: 9.0144  acc: 0.4792  macro_f1: 0.4120  micro_f1: 0.4792
Test  loss: 6.7837 acc: 0.6442 macro f1: 0.6315 macro precision: 0.6324 macro recall: 0.6349 time: 0.0118
Epoch 326  loss: 0.0003 acc: 1.0000 time0.0219
Epoch 326  loss: 0.0000 acc: 1.0000 Valid  loss: 9.4893  acc: 0.4792  macro_f1: 0.4120  micro_f1: 0.4792
Test  loss: 6.7398 acc: 0.6250 macro f1: 0.6138 macro precision: 0.6140 macro recall: 0.6178 time: 0.0124
Epoch 327  loss: 0.0001 acc: 1.0000 time0.0204
Epoch 327  loss: 0.0000 acc: 1.0000 Valid  loss: 9.9888  acc: 0.4792  macro_f1: 0.4120  micro_f1: 0.4792
Test  loss: 6.7849 acc: 0.6154 macro f1: 0.6046 macro precision: 0.6038 macro recall: 0.6083 time: 0.0121
Epoch 328  loss: 0.0002 acc: 1.0000 time0.0219
Epoch 328  loss: 0.0000 acc: 1.0000 Valid  loss: 10.2415  acc: 0.4583  macro_f1: 0.3968  micro_f1: 0.4583
Test  loss: 6.8994 acc: 0.6058 macro f1: 0.5932 macro precision: 0.5967 macro recall: 0.5968 time: 0.0120
Epoch 329  loss: 0.0013 acc: 1.0000 time0.0213
Epoch 329  loss: 0.0000 acc: 1.0000 Valid  loss: 10.4934  acc: 0.4375  macro_f1: 0.3829  micro_f1: 0.4375
Test  loss: 6.9031 acc: 0.6154 macro f1: 0.6050 macro precision: 0.6095 macro recall: 0.6102 time: 0.0124
Epoch 330  loss: 0.0006 acc: 1.0000 time0.0215
Epoch 330  loss: 0.0000 acc: 1.0000 Valid  loss: 10.6448  acc: 0.4583  macro_f1: 0.3968  micro_f1: 0.4583
Test  loss: 6.9506 acc: 0.6250 macro f1: 0.6166 macro precision: 0.6225 macro recall: 0.6235 time: 0.0115
Epoch 331  loss: 0.0003 acc: 1.0000 time0.0221
Epoch 331  loss: 0.0000 acc: 1.0000 Valid  loss: 10.6587  acc: 0.4375  macro_f1: 0.3829  micro_f1: 0.4375
Test  loss: 6.9834 acc: 0.6154 macro f1: 0.6063 macro precision: 0.6143 macro recall: 0.6140 time: 0.0118
Epoch 332  loss: 0.0045 acc: 1.0000 time0.0203
Epoch 332  loss: 0.0000 acc: 1.0000 Valid  loss: 10.2514  acc: 0.5000  macro_f1: 0.4286  micro_f1: 0.5000
Test  loss: 6.8778 acc: 0.6154 macro f1: 0.6050 macro precision: 0.6095 macro recall: 0.6102 time: 0.0117
Epoch 333  loss: 0.0013 acc: 1.0000 time0.0226
Epoch 333  loss: 0.0000 acc: 1.0000 Valid  loss: 9.8679  acc: 0.5000  macro_f1: 0.4268  micro_f1: 0.5000
Test  loss: 6.7774 acc: 0.6250 macro f1: 0.6119 macro precision: 0.6113 macro recall: 0.6139 time: 0.0116
Epoch 334  loss: 0.0001 acc: 1.0000 time0.0214
Epoch 334  loss: 0.0000 acc: 1.0000 Valid  loss: 9.6576  acc: 0.5000  macro_f1: 0.4268  micro_f1: 0.5000
Test  loss: 6.7292 acc: 0.6346 macro f1: 0.6202 macro precision: 0.6198 macro recall: 0.6215 time: 0.0123
Epoch 335  loss: 0.0011 acc: 1.0000 time0.0207
Epoch 335  loss: 0.0000 acc: 1.0000 Valid  loss: 9.3311  acc: 0.5000  macro_f1: 0.4268  micro_f1: 0.5000
Test  loss: 6.5864 acc: 0.6346 macro f1: 0.6208 macro precision: 0.6202 macro recall: 0.6215 time: 0.0117
Epoch 336  loss: 0.0004 acc: 1.0000 time0.0213
Epoch 336  loss: 0.0000 acc: 1.0000 Valid  loss: 9.0210  acc: 0.4792  macro_f1: 0.4120  micro_f1: 0.4792
Test  loss: 6.5069 acc: 0.6250 macro f1: 0.6129 macro precision: 0.6120 macro recall: 0.6139 time: 0.0123
Epoch 337  loss: 0.0002 acc: 1.0000 time0.0221
Epoch 337  loss: 0.0000 acc: 1.0000 Valid  loss: 8.7748  acc: 0.4792  macro_f1: 0.4120  micro_f1: 0.4792
Test  loss: 6.4581 acc: 0.6442 macro f1: 0.6320 macro precision: 0.6323 macro recall: 0.6330 time: 0.0123
Epoch 338  loss: 0.0002 acc: 1.0000 time0.0227
Epoch 338  loss: 0.0000 acc: 1.0000 Valid  loss: 8.5686  acc: 0.5417  macro_f1: 0.4556  micro_f1: 0.5417
Test  loss: 6.4624 acc: 0.6538 macro f1: 0.6410 macro precision: 0.6418 macro recall: 0.6425 time: 0.0122
Epoch 339  loss: 0.0001 acc: 1.0000 time0.0233
Epoch 339  loss: 0.0001 acc: 1.0000 Valid  loss: 8.3746  acc: 0.5625  macro_f1: 0.4712  micro_f1: 0.5625
Test  loss: 6.4657 acc: 0.6346 macro f1: 0.6153 macro precision: 0.6190 macro recall: 0.6158 time: 0.0120
Epoch 340  loss: 0.0009 acc: 1.0000 time0.0219
Epoch 340  loss: 0.0002 acc: 1.0000 Valid  loss: 8.3774  acc: 0.5208  macro_f1: 0.4378  micro_f1: 0.5208
Test  loss: 6.5297 acc: 0.6442 macro f1: 0.6251 macro precision: 0.6344 macro recall: 0.6254 time: 0.0119
Epoch 341  loss: 0.0003 acc: 1.0000 time0.0207
Epoch 341  loss: 0.0004 acc: 1.0000 Valid  loss: 8.3209  acc: 0.5417  macro_f1: 0.4509  micro_f1: 0.5417
Test  loss: 6.5653 acc: 0.6442 macro f1: 0.6259 macro precision: 0.6387 macro recall: 0.6273 time: 0.0117
Epoch 342  loss: 0.0007 acc: 1.0000 time0.0206
Epoch 342  loss: 0.0004 acc: 1.0000 Valid  loss: 8.3214  acc: 0.5417  macro_f1: 0.4509  micro_f1: 0.5417
Test  loss: 6.7109 acc: 0.6538 macro f1: 0.6351 macro precision: 0.6505 macro recall: 0.6368 time: 0.0116
Epoch 343  loss: 0.0013 acc: 1.0000 time0.0223
Epoch 343  loss: 0.0020 acc: 1.0000 Valid  loss: 8.4780  acc: 0.5417  macro_f1: 0.4509  micro_f1: 0.5417
Test  loss: 6.7352 acc: 0.6538 macro f1: 0.6351 macro precision: 0.6505 macro recall: 0.6368 time: 0.0120
Epoch 344  loss: 0.0001 acc: 1.0000 time0.0221
Epoch 344  loss: 0.0027 acc: 1.0000 Valid  loss: 8.5404  acc: 0.5417  macro_f1: 0.4509  micro_f1: 0.5417
Test  loss: 6.7904 acc: 0.6635 macro f1: 0.6443 macro precision: 0.6630 macro recall: 0.6464 time: 0.0119
Epoch 345  loss: 0.0024 acc: 1.0000 time0.0230
Epoch 345  loss: 0.0021 acc: 1.0000 Valid  loss: 8.6064  acc: 0.5417  macro_f1: 0.4509  micro_f1: 0.5417
Test  loss: 6.7964 acc: 0.6635 macro f1: 0.6443 macro precision: 0.6630 macro recall: 0.6464 time: 0.0120
Epoch 346  loss: 0.0011 acc: 1.0000 time0.0224
Epoch 346  loss: 0.0025 acc: 1.0000 Valid  loss: 8.5562  acc: 0.5417  macro_f1: 0.4509  micro_f1: 0.5417
Test  loss: 6.7796 acc: 0.6635 macro f1: 0.6443 macro precision: 0.6630 macro recall: 0.6464 time: 0.0120
Epoch 347  loss: 0.0001 acc: 1.0000 time0.0226
Epoch 347  loss: 0.0022 acc: 1.0000 Valid  loss: 8.5928  acc: 0.5417  macro_f1: 0.4509  micro_f1: 0.5417
Test  loss: 6.7476 acc: 0.6635 macro f1: 0.6443 macro precision: 0.6630 macro recall: 0.6464 time: 0.0120
Epoch 348  loss: 0.0002 acc: 1.0000 time0.0249
Epoch 348  loss: 0.0005 acc: 1.0000 Valid  loss: 8.5999  acc: 0.5417  macro_f1: 0.4509  micro_f1: 0.5417
Test  loss: 6.7824 acc: 0.6442 macro f1: 0.6259 macro precision: 0.6387 macro recall: 0.6273 time: 0.0136
Epoch 349  loss: 0.0004 acc: 1.0000 time0.0263
Epoch 349  loss: 0.0004 acc: 1.0000 Valid  loss: 8.6080  acc: 0.5417  macro_f1: 0.4509  micro_f1: 0.5417
Test  loss: 6.7636 acc: 0.6442 macro f1: 0.6259 macro precision: 0.6387 macro recall: 0.6273 time: 0.0118
Epoch 350  loss: 0.0007 acc: 1.0000 time0.0213
Epoch 350  loss: 0.0004 acc: 1.0000 Valid  loss: 8.6541  acc: 0.5208  macro_f1: 0.4378  micro_f1: 0.5208
Test  loss: 6.6194 acc: 0.6250 macro f1: 0.6085 macro precision: 0.6180 macro recall: 0.6083 time: 0.0117
Best validation: VALID ACC 0.5416666865348816  MACRO F1 0.43333333333333335 MICRO F1 0.5416666666666666 EPOCH 12
Best test: TEST ACC 0.7307692170143127 TEST F1 0.7141148325358851 TEST PRECISION 0.7302777453611857 TEST RECALL 0.7089610389610389 EPOCH 27
Epoch 351  loss: 0.0001 acc: 1.0000 time0.0213
Epoch 351  loss: 0.0003 acc: 1.0000 Valid  loss: 8.7391  acc: 0.5208  macro_f1: 0.4378  micro_f1: 0.5208
Test  loss: 6.5927 acc: 0.6538 macro f1: 0.6410 macro precision: 0.6431 macro recall: 0.6425 time: 0.0119
Epoch 352  loss: 0.0001 acc: 1.0000 time0.0220
Epoch 352  loss: 0.0002 acc: 1.0000 Valid  loss: 8.7175  acc: 0.5625  macro_f1: 0.4712  micro_f1: 0.5625
Test  loss: 6.5749 acc: 0.6538 macro f1: 0.6410 macro precision: 0.6418 macro recall: 0.6425 time: 0.0123
Epoch 353  loss: 0.0001 acc: 1.0000 time0.0221
Epoch 353  loss: 0.0001 acc: 1.0000 Valid  loss: 8.7932  acc: 0.5417  macro_f1: 0.4556  micro_f1: 0.5417
Test  loss: 6.5667 acc: 0.6538 macro f1: 0.6410 macro precision: 0.6418 macro recall: 0.6425 time: 0.0120
Epoch 354  loss: 0.0000 acc: 1.0000 time0.0223
Epoch 354  loss: 0.0001 acc: 1.0000 Valid  loss: 8.9251  acc: 0.5417  macro_f1: 0.4551  micro_f1: 0.5417
Test  loss: 6.5887 acc: 0.6346 macro f1: 0.6229 macro precision: 0.6230 macro recall: 0.6235 time: 0.0125
Epoch 355  loss: 0.0003 acc: 1.0000 time0.0212
Epoch 355  loss: 0.0001 acc: 1.0000 Valid  loss: 9.0792  acc: 0.5000  macro_f1: 0.4259  micro_f1: 0.5000
Test  loss: 6.6099 acc: 0.6346 macro f1: 0.6229 macro precision: 0.6230 macro recall: 0.6235 time: 0.0115
Epoch 356  loss: 0.0002 acc: 1.0000 time0.0215
Epoch 356  loss: 0.0001 acc: 1.0000 Valid  loss: 9.2152  acc: 0.5000  macro_f1: 0.4259  micro_f1: 0.5000
Test  loss: 6.6419 acc: 0.6346 macro f1: 0.6208 macro precision: 0.6202 macro recall: 0.6215 time: 0.0125
Epoch 357  loss: 0.0004 acc: 1.0000 time0.0222
Epoch 357  loss: 0.0000 acc: 1.0000 Valid  loss: 9.3193  acc: 0.4792  macro_f1: 0.4120  micro_f1: 0.4792
Test  loss: 6.6738 acc: 0.6346 macro f1: 0.6208 macro precision: 0.6202 macro recall: 0.6215 time: 0.0126
Epoch 358  loss: 0.0002 acc: 1.0000 time0.0224
Epoch 358  loss: 0.0000 acc: 1.0000 Valid  loss: 9.4001  acc: 0.5000  macro_f1: 0.4268  micro_f1: 0.5000
Test  loss: 6.6889 acc: 0.6346 macro f1: 0.6208 macro precision: 0.6202 macro recall: 0.6215 time: 0.0121
Epoch 359  loss: 0.0036 acc: 1.0000 time0.0216
Epoch 359  loss: 0.0000 acc: 1.0000 Valid  loss: 9.4386  acc: 0.4583  macro_f1: 0.3968  micro_f1: 0.4583
Test  loss: 6.7026 acc: 0.6250 macro f1: 0.6140 macro precision: 0.6132 macro recall: 0.6178 time: 0.0121
Epoch 360  loss: 0.0001 acc: 1.0000 time0.0225
Epoch 360  loss: 0.0000 acc: 1.0000 Valid  loss: 9.4490  acc: 0.4375  macro_f1: 0.3790  micro_f1: 0.4375
Test  loss: 6.7298 acc: 0.6346 macro f1: 0.6228 macro precision: 0.6240 macro recall: 0.6274 time: 0.0122
Epoch 361  loss: 0.0001 acc: 1.0000 time0.0217
Epoch 361  loss: 0.0000 acc: 1.0000 Valid  loss: 9.6705  acc: 0.4583  macro_f1: 0.3953  micro_f1: 0.4583
Test  loss: 6.8809 acc: 0.6346 macro f1: 0.6225 macro precision: 0.6237 macro recall: 0.6274 time: 0.0116
Epoch 362  loss: 0.0001 acc: 1.0000 time0.0212
Epoch 362  loss: 0.0000 acc: 1.0000 Valid  loss: 9.7194  acc: 0.4583  macro_f1: 0.3953  micro_f1: 0.4583
Test  loss: 6.7913 acc: 0.6538 macro f1: 0.6432 macro precision: 0.6473 macro recall: 0.6502 time: 0.0126
Epoch 363  loss: 0.0003 acc: 1.0000 time0.0212
Epoch 363  loss: 0.0000 acc: 1.0000 Valid  loss: 9.6756  acc: 0.4583  macro_f1: 0.3953  micro_f1: 0.4583
Test  loss: 6.7642 acc: 0.6635 macro f1: 0.6523 macro precision: 0.6556 macro recall: 0.6597 time: 0.0121
Epoch 364  loss: 0.0092 acc: 0.9948 time0.0216
Epoch 364  loss: 0.0001 acc: 1.0000 Valid  loss: 8.8285  acc: 0.5000  macro_f1: 0.4210  micro_f1: 0.5000
Test  loss: 6.6991 acc: 0.6538 macro f1: 0.6409 macro precision: 0.6435 macro recall: 0.6464 time: 0.0119
Epoch 365  loss: 0.0003 acc: 1.0000 time0.0219
Epoch 365  loss: 0.0036 acc: 1.0000 Valid  loss: 8.3023  acc: 0.5625  macro_f1: 0.4712  micro_f1: 0.5625
Test  loss: 6.6425 acc: 0.6442 macro f1: 0.6257 macro precision: 0.6343 macro recall: 0.6254 time: 0.0117
Epoch 366  loss: 0.0013 acc: 1.0000 time0.0219
Epoch 366  loss: 0.0025 acc: 1.0000 Valid  loss: 7.8084  acc: 0.5833  macro_f1: 0.4852  micro_f1: 0.5833
Test  loss: 6.7655 acc: 0.6346 macro f1: 0.6119 macro precision: 0.6210 macro recall: 0.6120 time: 0.0123
Epoch 367  loss: 0.0014 acc: 1.0000 time0.0211
Epoch 367  loss: 0.0040 acc: 0.9948 Valid  loss: 7.6014  acc: 0.5625  macro_f1: 0.4251  micro_f1: 0.5625
Test  loss: 6.8389 acc: 0.6250 macro f1: 0.5986 macro precision: 0.6127 macro recall: 0.5987 time: 0.0121
Epoch 368  loss: 0.0022 acc: 1.0000 time0.0220
Epoch 368  loss: 0.0165 acc: 0.9948 Valid  loss: 7.4612  acc: 0.5833  macro_f1: 0.4362  micro_f1: 0.5833
Test  loss: 6.8355 acc: 0.6250 macro f1: 0.5996 macro precision: 0.6194 macro recall: 0.5987 time: 0.0122
Epoch 369  loss: 0.0024 acc: 1.0000 time0.0229
Epoch 369  loss: 0.0135 acc: 0.9948 Valid  loss: 7.5102  acc: 0.5625  macro_f1: 0.4251  micro_f1: 0.5625
Test  loss: 6.7833 acc: 0.6346 macro f1: 0.6080 macro precision: 0.6284 macro recall: 0.6082 time: 0.0121
Epoch 370  loss: 0.0021 acc: 1.0000 time0.0224
Epoch 370  loss: 0.0125 acc: 0.9948 Valid  loss: 7.6090  acc: 0.5625  macro_f1: 0.4251  micro_f1: 0.5625
Test  loss: 6.7407 acc: 0.6442 macro f1: 0.6214 macro precision: 0.6339 macro recall: 0.6216 time: 0.0121
Epoch 371  loss: 0.0002 acc: 1.0000 time0.0214
Epoch 371  loss: 0.0074 acc: 0.9948 Valid  loss: 7.7408  acc: 0.6042  macro_f1: 0.5013  micro_f1: 0.6042
Test  loss: 6.6633 acc: 0.6442 macro f1: 0.6214 macro precision: 0.6339 macro recall: 0.6216 time: 0.0118
Epoch 372  loss: 0.0024 acc: 1.0000 time0.0213
Epoch 372  loss: 0.0124 acc: 0.9948 Valid  loss: 7.8549  acc: 0.5833  macro_f1: 0.4868  micro_f1: 0.5833
Test  loss: 6.5794 acc: 0.6442 macro f1: 0.6258 macro precision: 0.6363 macro recall: 0.6254 time: 0.0129
Epoch 373  loss: 0.0001 acc: 1.0000 time0.0238
Epoch 373  loss: 0.0000 acc: 1.0000 Valid  loss: 8.1520  acc: 0.5417  macro_f1: 0.4556  micro_f1: 0.5417
Test  loss: 6.6979 acc: 0.6346 macro f1: 0.6170 macro precision: 0.6256 macro recall: 0.6178 time: 0.0120
Epoch 374  loss: 0.0003 acc: 1.0000 time0.0220
Epoch 374  loss: 0.0000 acc: 1.0000 Valid  loss: 8.2390  acc: 0.5417  macro_f1: 0.4556  micro_f1: 0.5417
Test  loss: 6.6571 acc: 0.6635 macro f1: 0.6518 macro precision: 0.6611 macro recall: 0.6559 time: 0.0120
Epoch 375  loss: 0.0001 acc: 1.0000 time0.0219
Epoch 375  loss: 0.0000 acc: 1.0000 Valid  loss: 8.4829  acc: 0.5208  macro_f1: 0.4423  micro_f1: 0.5208
Test  loss: 6.7021 acc: 0.6635 macro f1: 0.6501 macro precision: 0.6555 macro recall: 0.6559 time: 0.0125
Epoch 376  loss: 0.0004 acc: 1.0000 time0.0232
Epoch 376  loss: 0.0000 acc: 1.0000 Valid  loss: 8.6583  acc: 0.4792  macro_f1: 0.4136  micro_f1: 0.4792
Test  loss: 6.7137 acc: 0.6635 macro f1: 0.6501 macro precision: 0.6555 macro recall: 0.6559 time: 0.0120
Epoch 377  loss: 0.0006 acc: 1.0000 time0.0231
Epoch 377  loss: 0.0000 acc: 1.0000 Valid  loss: 8.9681  acc: 0.4583  macro_f1: 0.3953  micro_f1: 0.4583
Test  loss: 6.7266 acc: 0.6442 macro f1: 0.6317 macro precision: 0.6370 macro recall: 0.6388 time: 0.0120
Epoch 378  loss: 0.0002 acc: 1.0000 time0.0212
Epoch 378  loss: 0.0000 acc: 1.0000 Valid  loss: 9.1258  acc: 0.4167  macro_f1: 0.3655  micro_f1: 0.4167
Test  loss: 6.8659 acc: 0.6346 macro f1: 0.6231 macro precision: 0.6299 macro recall: 0.6313 time: 0.0117
Epoch 379  loss: 0.0011 acc: 1.0000 time0.0214
Epoch 379  loss: 0.0000 acc: 1.0000 Valid  loss: 9.2053  acc: 0.4167  macro_f1: 0.3655  micro_f1: 0.4167
Test  loss: 6.8743 acc: 0.6346 macro f1: 0.6258 macro precision: 0.6326 macro recall: 0.6351 time: 0.0116
Epoch 380  loss: 0.0006 acc: 1.0000 time0.0201
Epoch 380  loss: 0.0000 acc: 1.0000 Valid  loss: 9.2661  acc: 0.4375  macro_f1: 0.3844  micro_f1: 0.4375
Test  loss: 6.8458 acc: 0.6250 macro f1: 0.6141 macro precision: 0.6214 macro recall: 0.6217 time: 0.0120
Epoch 381  loss: 0.0016 acc: 1.0000 time0.0217
Epoch 381  loss: 0.0000 acc: 1.0000 Valid  loss: 9.3913  acc: 0.4375  macro_f1: 0.3844  micro_f1: 0.4375
Test  loss: 6.7895 acc: 0.6346 macro f1: 0.6227 macro precision: 0.6286 macro recall: 0.6293 time: 0.0127
Epoch 382  loss: 0.0004 acc: 1.0000 time0.0230
Epoch 382  loss: 0.0000 acc: 1.0000 Valid  loss: 9.3616  acc: 0.4583  macro_f1: 0.4002  micro_f1: 0.4583
Test  loss: 6.7832 acc: 0.6250 macro f1: 0.6162 macro precision: 0.6206 macro recall: 0.6236 time: 0.0119
Epoch 383  loss: 0.0001 acc: 1.0000 time0.0214
Epoch 383  loss: 0.0000 acc: 1.0000 Valid  loss: 9.2827  acc: 0.4583  macro_f1: 0.4002  micro_f1: 0.4583
Test  loss: 6.7793 acc: 0.6154 macro f1: 0.6070 macro precision: 0.6100 macro recall: 0.6141 time: 0.0121
Epoch 384  loss: 0.0001 acc: 1.0000 time0.0213
Epoch 384  loss: 0.0000 acc: 1.0000 Valid  loss: 9.1685  acc: 0.4583  macro_f1: 0.4002  micro_f1: 0.4583
Test  loss: 6.8606 acc: 0.6154 macro f1: 0.6072 macro precision: 0.6090 macro recall: 0.6141 time: 0.0123
Epoch 385  loss: 0.0010 acc: 1.0000 time0.0228
Epoch 385  loss: 0.0000 acc: 1.0000 Valid  loss: 9.0697  acc: 0.4792  macro_f1: 0.4153  micro_f1: 0.4792
Test  loss: 6.8298 acc: 0.6250 macro f1: 0.6157 macro precision: 0.6164 macro recall: 0.6216 time: 0.0123
Epoch 386  loss: 0.0004 acc: 1.0000 time0.0215
Epoch 386  loss: 0.0000 acc: 1.0000 Valid  loss: 8.9236  acc: 0.5417  macro_f1: 0.4602  micro_f1: 0.5417
Test  loss: 6.8155 acc: 0.6250 macro f1: 0.6162 macro precision: 0.6155 macro recall: 0.6216 time: 0.0121
Epoch 387  loss: 0.0052 acc: 0.9948 time0.0231
Epoch 387  loss: 0.0000 acc: 1.0000 Valid  loss: 8.5324  acc: 0.5208  macro_f1: 0.4428  micro_f1: 0.5208
Test  loss: 6.8717 acc: 0.6346 macro f1: 0.6209 macro precision: 0.6201 macro recall: 0.6235 time: 0.0165
Epoch 388  loss: 0.0003 acc: 1.0000 time0.0235
Epoch 388  loss: 0.0000 acc: 1.0000 Valid  loss: 8.4209  acc: 0.5833  macro_f1: 0.4857  micro_f1: 0.5833
Test  loss: 6.6662 acc: 0.6442 macro f1: 0.6272 macro precision: 0.6283 macro recall: 0.6272 time: 0.0126
Epoch 389  loss: 0.0015 acc: 1.0000 time0.0227
Epoch 389  loss: 0.0001 acc: 1.0000 Valid  loss: 8.3111  acc: 0.6042  macro_f1: 0.5010  micro_f1: 0.6042
Test  loss: 6.7060 acc: 0.6346 macro f1: 0.6181 macro precision: 0.6191 macro recall: 0.6177 time: 0.0132
Epoch 390  loss: 0.0002 acc: 1.0000 time0.0264
Epoch 390  loss: 0.0004 acc: 1.0000 Valid  loss: 8.1416  acc: 0.6042  macro_f1: 0.5010  micro_f1: 0.6042
Test  loss: 6.6357 acc: 0.6250 macro f1: 0.6051 macro precision: 0.6072 macro recall: 0.6044 time: 0.0142
Epoch 391  loss: 0.0001 acc: 1.0000 time0.0245
Epoch 391  loss: 0.0006 acc: 1.0000 Valid  loss: 8.0694  acc: 0.6042  macro_f1: 0.5010  micro_f1: 0.6042
Test  loss: 6.6961 acc: 0.6250 macro f1: 0.6051 macro precision: 0.6072 macro recall: 0.6044 time: 0.0130
Epoch 392  loss: 0.0002 acc: 1.0000 time0.0237
Epoch 392  loss: 0.0011 acc: 1.0000 Valid  loss: 7.8233  acc: 0.6042  macro_f1: 0.5010  micro_f1: 0.6042
Test  loss: 6.7205 acc: 0.6250 macro f1: 0.6060 macro precision: 0.6102 macro recall: 0.6044 time: 0.0126
Epoch 393  loss: 0.0015 acc: 1.0000 time0.0235
Epoch 393  loss: 0.0011 acc: 1.0000 Valid  loss: 7.7090  acc: 0.6250  macro_f1: 0.5166  micro_f1: 0.6250
Test  loss: 6.6321 acc: 0.6250 macro f1: 0.6073 macro precision: 0.6127 macro recall: 0.6063 time: 0.0123
Epoch 394  loss: 0.0030 acc: 1.0000 time0.0205
Epoch 394  loss: 0.0000 acc: 1.0000 Valid  loss: 7.6150  acc: 0.6250  macro_f1: 0.5173  micro_f1: 0.6250
Test  loss: 6.8214 acc: 0.6346 macro f1: 0.6180 macro precision: 0.6300 macro recall: 0.6178 time: 0.0118
Epoch 395  loss: 0.0004 acc: 1.0000 time0.0218
Epoch 395  loss: 0.0000 acc: 1.0000 Valid  loss: 7.6600  acc: 0.5625  macro_f1: 0.4704  micro_f1: 0.5625
Test  loss: 6.8732 acc: 0.6346 macro f1: 0.6179 macro precision: 0.6329 macro recall: 0.6197 time: 0.0117
Epoch 396  loss: 0.0002 acc: 1.0000 time0.0227
Epoch 396  loss: 0.0000 acc: 1.0000 Valid  loss: 7.6883  acc: 0.5625  macro_f1: 0.4678  micro_f1: 0.5625
Test  loss: 7.0753 acc: 0.6346 macro f1: 0.6178 macro precision: 0.6340 macro recall: 0.6217 time: 0.0126
Epoch 397  loss: 0.0004 acc: 1.0000 time0.0220
Epoch 397  loss: 0.0000 acc: 1.0000 Valid  loss: 7.7462  acc: 0.5417  macro_f1: 0.4542  micro_f1: 0.5417
Test  loss: 7.1186 acc: 0.6346 macro f1: 0.6178 macro precision: 0.6340 macro recall: 0.6217 time: 0.0116
Epoch 398  loss: 0.0027 acc: 1.0000 time0.0219
Epoch 398  loss: 0.0000 acc: 1.0000 Valid  loss: 7.9597  acc: 0.5208  macro_f1: 0.4378  micro_f1: 0.5208
Test  loss: 7.1369 acc: 0.6250 macro f1: 0.6086 macro precision: 0.6240 macro recall: 0.6141 time: 0.0121
Epoch 399  loss: 0.0002 acc: 1.0000 time0.0216
Epoch 399  loss: 0.0000 acc: 1.0000 Valid  loss: 8.0789  acc: 0.5000  macro_f1: 0.4210  micro_f1: 0.5000
Test  loss: 7.2175 acc: 0.6250 macro f1: 0.6086 macro precision: 0.6240 macro recall: 0.6141 time: 0.0123
Epoch 400  loss: 0.0131 acc: 0.9948 time0.0213
Epoch 400  loss: 0.0000 acc: 1.0000 Valid  loss: 8.5656  acc: 0.4792  macro_f1: 0.4115  micro_f1: 0.4792
Test  loss: 6.9394 acc: 0.6250 macro f1: 0.6102 macro precision: 0.6140 macro recall: 0.6140 time: 0.0119
Best validation: VALID ACC 0.5416666865348816  MACRO F1 0.43333333333333335 MICRO F1 0.5416666666666666 EPOCH 12
Best test: TEST ACC 0.7307692170143127 TEST F1 0.7141148325358851 TEST PRECISION 0.7302777453611857 TEST RECALL 0.7089610389610389 EPOCH 27
Epoch 401  loss: 0.0001 acc: 1.0000 time0.0218
Epoch 401  loss: 0.0000 acc: 1.0000 Valid  loss: 9.3138  acc: 0.5208  macro_f1: 0.4428  micro_f1: 0.5208
Test  loss: 6.9749 acc: 0.5962 macro f1: 0.5831 macro precision: 0.5859 macro recall: 0.5873 time: 0.0119
Epoch 402  loss: 0.0003 acc: 1.0000 time0.0228
Epoch 402  loss: 0.0000 acc: 1.0000 Valid  loss: 10.1041  acc: 0.5417  macro_f1: 0.4550  micro_f1: 0.5417
Test  loss: 7.5173 acc: 0.6058 macro f1: 0.5933 macro precision: 0.5955 macro recall: 0.5987 time: 0.0127
Epoch 403  loss: 0.0030 acc: 1.0000 time0.0220
Epoch 403  loss: 0.0000 acc: 1.0000 Valid  loss: 10.7056  acc: 0.5000  macro_f1: 0.4264  micro_f1: 0.5000
Test  loss: 7.7517 acc: 0.5962 macro f1: 0.5826 macro precision: 0.5859 macro recall: 0.5892 time: 0.0122
Epoch 404  loss: 0.0037 acc: 1.0000 time0.0220
Epoch 404  loss: 0.0000 acc: 1.0000 Valid  loss: 10.8219  acc: 0.4792  macro_f1: 0.4131  micro_f1: 0.4792
Test  loss: 7.8055 acc: 0.5865 macro f1: 0.5745 macro precision: 0.5787 macro recall: 0.5816 time: 0.0118
Epoch 405  loss: 0.0317 acc: 0.9948 time0.0222
Epoch 405  loss: 0.0000 acc: 1.0000 Valid  loss: 10.0149  acc: 0.4583  macro_f1: 0.3981  micro_f1: 0.4583
Test  loss: 7.5706 acc: 0.6250 macro f1: 0.6182 macro precision: 0.6252 macro recall: 0.6274 time: 0.0126
Epoch 406  loss: 0.0231 acc: 0.9948 time0.0226
Epoch 406  loss: 0.0060 acc: 0.9948 Valid  loss: 9.2251  acc: 0.4792  macro_f1: 0.3905  micro_f1: 0.4792
Test  loss: 7.4410 acc: 0.6058 macro f1: 0.5935 macro precision: 0.6054 macro recall: 0.6028 time: 0.0121
Epoch 407  loss: 0.0060 acc: 1.0000 time0.0244
Epoch 407  loss: 0.0170 acc: 0.9896 Valid  loss: 8.9702  acc: 0.5000  macro_f1: 0.3693  micro_f1: 0.5000
Test  loss: 7.8021 acc: 0.6154 macro f1: 0.5937 macro precision: 0.6257 macro recall: 0.6066 time: 0.0142
Epoch 408  loss: 0.0888 acc: 0.9740 time0.0267
Epoch 408  loss: 0.0063 acc: 0.9948 Valid  loss: 8.4221  acc: 0.6042  macro_f1: 0.5010  micro_f1: 0.6042
Test  loss: 7.3948 acc: 0.6346 macro f1: 0.6120 macro precision: 0.6273 macro recall: 0.6081 time: 0.0128
Epoch 409  loss: 0.0013 acc: 1.0000 time0.0212
Epoch 409  loss: 1.1928 acc: 0.8229 Valid  loss: 10.0910  acc: 0.4792  macro_f1: 0.3385  micro_f1: 0.4792
Test  loss: 9.3017 acc: 0.5577 macro f1: 0.4909 macro precision: 0.5750 macro recall: 0.4974 time: 0.0121
Epoch 410  loss: 0.8034 acc: 0.8229 time0.0221
Epoch 410  loss: 2.4809 acc: 0.8333 Valid  loss: 10.4414  acc: 0.5000  macro_f1: 0.4077  micro_f1: 0.5000
Test  loss: 8.6712 acc: 0.5577 macro f1: 0.5385 macro precision: 0.6125 macro recall: 0.5727 time: 0.0125
Epoch 411  loss: 1.4941 acc: 0.7969 time0.0223
Epoch 411  loss: 0.4589 acc: 0.8698 Valid  loss: 8.4702  acc: 0.5208  macro_f1: 0.3542  micro_f1: 0.5208
Test  loss: 8.4874 acc: 0.5769 macro f1: 0.5538 macro precision: 0.6705 macro recall: 0.5687 time: 0.0121
Epoch 412  loss: 0.6654 acc: 0.8542 time0.0210
Epoch 412  loss: 0.1970 acc: 0.9688 Valid  loss: 8.1048  acc: 0.5625  macro_f1: 0.4159  micro_f1: 0.5625
Test  loss: 6.8103 acc: 0.5769 macro f1: 0.5286 macro precision: 0.5611 macro recall: 0.5299 time: 0.0119
Epoch 413  loss: 0.0557 acc: 0.9792 time0.0213
Epoch 413  loss: 4.1177 acc: 0.5312 Valid  loss: 9.5857  acc: 0.4375  macro_f1: 0.2843  micro_f1: 0.4375
Test  loss: 6.7313 acc: 0.5385 macro f1: 0.4069 macro precision: 0.6354 macro recall: 0.4534 time: 0.0123
Epoch 414  loss: 1.7708 acc: 0.6979 time0.0220
Epoch 414  loss: 0.7445 acc: 0.8021 Valid  loss: 6.4881  acc: 0.5417  macro_f1: 0.3931  micro_f1: 0.5417
Test  loss: 4.5813 acc: 0.5673 macro f1: 0.4637 macro precision: 0.5641 macro recall: 0.4916 time: 0.0119
Epoch 415  loss: 0.2508 acc: 0.9219 time0.0228
Epoch 415  loss: 0.1406 acc: 0.9844 Valid  loss: 6.2352  acc: 0.5833  macro_f1: 0.4350  micro_f1: 0.5833
Test  loss: 4.6207 acc: 0.6346 macro f1: 0.6087 macro precision: 0.6314 macro recall: 0.6063 time: 0.0120
Epoch 416  loss: 0.1031 acc: 0.9688 time0.0228
Epoch 416  loss: 0.2578 acc: 0.9531 Valid  loss: 6.9857  acc: 0.5417  macro_f1: 0.4350  micro_f1: 0.5417
Test  loss: 5.6344 acc: 0.6346 macro f1: 0.6139 macro precision: 0.6549 macro recall: 0.6237 time: 0.0124
Epoch 417  loss: 0.3418 acc: 0.8802 time0.0228
Epoch 417  loss: 0.2399 acc: 0.9323 Valid  loss: 8.8790  acc: 0.4167  macro_f1: 0.3412  micro_f1: 0.4167
Test  loss: 5.5261 acc: 0.5385 macro f1: 0.5303 macro precision: 0.5654 macro recall: 0.5555 time: 0.0119
Epoch 418  loss: 0.4771 acc: 0.8802 time0.0222
Epoch 418  loss: 0.3538 acc: 0.8438 Valid  loss: 9.0909  acc: 0.4167  macro_f1: 0.3440  micro_f1: 0.4167
Test  loss: 5.4545 acc: 0.4808 macro f1: 0.4677 macro precision: 0.5161 macro recall: 0.5100 time: 0.0121
Epoch 419  loss: 0.6822 acc: 0.8229 time0.0210
Epoch 419  loss: 1.1186 acc: 0.6823 Valid  loss: 7.0257  acc: 0.4375  macro_f1: 0.2417  micro_f1: 0.4375
Test  loss: 5.9511 acc: 0.4519 macro f1: 0.3961 macro precision: 0.5847 macro recall: 0.4856 time: 0.0125
Epoch 420  loss: 0.9624 acc: 0.7188 time0.0213
Epoch 420  loss: 0.3973 acc: 0.7292 Valid  loss: 5.5694  acc: 0.5417  macro_f1: 0.3860  micro_f1: 0.5417
Test  loss: 4.1893 acc: 0.5481 macro f1: 0.5331 macro precision: 0.6539 macro recall: 0.5575 time: 0.0120
Epoch 421  loss: 0.4209 acc: 0.8229 time0.0217
Epoch 421  loss: 0.0571 acc: 0.9792 Valid  loss: 5.1977  acc: 0.5000  macro_f1: 0.4259  micro_f1: 0.5000
Test  loss: 2.9590 acc: 0.6154 macro f1: 0.6037 macro precision: 0.6053 macro recall: 0.6044 time: 0.0120
Epoch 422  loss: 0.1581 acc: 0.9583 time0.0224
Epoch 422  loss: 0.2715 acc: 0.9167 Valid  loss: 4.9725  acc: 0.4167  macro_f1: 0.3664  micro_f1: 0.4167
Test  loss: 2.8600 acc: 0.5865 macro f1: 0.5847 macro precision: 0.6308 macro recall: 0.5931 time: 0.0118
Epoch 423  loss: 0.3595 acc: 0.8750 time0.0203
Epoch 423  loss: 0.4159 acc: 0.8542 Valid  loss: 3.7812  acc: 0.4792  macro_f1: 0.3999  micro_f1: 0.4792
Test  loss: 2.1419 acc: 0.6250 macro f1: 0.6027 macro precision: 0.6587 macro recall: 0.5946 time: 0.0121
Epoch 424  loss: 0.3378 acc: 0.8438 time0.0222
Epoch 424  loss: 0.5614 acc: 0.7917 Valid  loss: 3.4003  acc: 0.5000  macro_f1: 0.3513  micro_f1: 0.5000
Test  loss: 2.3227 acc: 0.5962 macro f1: 0.5442 macro precision: 0.6865 macro recall: 0.5392 time: 0.0118
Epoch 425  loss: 0.4115 acc: 0.8073 time0.0215
Epoch 425  loss: 0.7243 acc: 0.7917 Valid  loss: 3.1269  acc: 0.5625  macro_f1: 0.4107  micro_f1: 0.5625
Test  loss: 2.6298 acc: 0.6154 macro f1: 0.5299 macro precision: 0.7551 macro recall: 0.5449 time: 0.0123
Epoch 426  loss: 0.3516 acc: 0.8646 time0.0214
Epoch 426  loss: 0.5967 acc: 0.8750 Valid  loss: 2.8590  acc: 0.5833  macro_f1: 0.4275  micro_f1: 0.5833
Test  loss: 2.5777 acc: 0.6250 macro f1: 0.5373 macro precision: 0.7412 macro recall: 0.5564 time: 0.0125
Epoch 427  loss: 0.3007 acc: 0.9115 time0.0212
Epoch 427  loss: 0.3112 acc: 0.9531 Valid  loss: 2.6686  acc: 0.5833  macro_f1: 0.4295  micro_f1: 0.5833
Test  loss: 2.2269 acc: 0.6346 macro f1: 0.5737 macro precision: 0.6938 macro recall: 0.5794 time: 0.0123
Epoch 428  loss: 0.2122 acc: 0.9427 time0.0223
Epoch 428  loss: 0.1574 acc: 0.9740 Valid  loss: 2.6106  acc: 0.6042  macro_f1: 0.5029  micro_f1: 0.6042
Test  loss: 1.8818 acc: 0.6442 macro f1: 0.6026 macro precision: 0.6489 macro recall: 0.6043 time: 0.0120
Epoch 429  loss: 0.1643 acc: 0.9583 time0.0226
Epoch 429  loss: 0.0738 acc: 0.9896 Valid  loss: 2.8302  acc: 0.6042  macro_f1: 0.5029  micro_f1: 0.6042
Test  loss: 1.6708 acc: 0.6442 macro f1: 0.6292 macro precision: 0.6323 macro recall: 0.6292 time: 0.0119
Epoch 430  loss: 0.1717 acc: 0.9375 time0.0235
Epoch 430  loss: 0.0572 acc: 0.9844 Valid  loss: 2.9448  acc: 0.5417  macro_f1: 0.4569  micro_f1: 0.5417
Test  loss: 1.7402 acc: 0.6538 macro f1: 0.6469 macro precision: 0.6456 macro recall: 0.6540 time: 0.0121
Epoch 431  loss: 0.2002 acc: 0.9479 time0.0212
Epoch 431  loss: 0.0495 acc: 0.9792 Valid  loss: 2.9985  acc: 0.5208  macro_f1: 0.4406  micro_f1: 0.5208
Test  loss: 1.9070 acc: 0.6538 macro f1: 0.6470 macro precision: 0.6473 macro recall: 0.6560 time: 0.0118
Epoch 432  loss: 0.1955 acc: 0.9323 time0.0220
Epoch 432  loss: 0.0439 acc: 0.9844 Valid  loss: 2.8987  acc: 0.5417  macro_f1: 0.4565  micro_f1: 0.5417
Test  loss: 1.9152 acc: 0.6346 macro f1: 0.6157 macro precision: 0.6217 macro recall: 0.6217 time: 0.0127
Epoch 433  loss: 0.1534 acc: 0.9375 time0.0220
Epoch 433  loss: 0.0701 acc: 0.9844 Valid  loss: 2.8736  acc: 0.5833  macro_f1: 0.4826  micro_f1: 0.5833
Test  loss: 2.1927 acc: 0.6538 macro f1: 0.6327 macro precision: 0.6645 macro recall: 0.6350 time: 0.0124
Epoch 434  loss: 0.1083 acc: 0.9688 time0.0206
Epoch 434  loss: 0.1068 acc: 0.9740 Valid  loss: 2.8992  acc: 0.5833  macro_f1: 0.4347  micro_f1: 0.5833
Test  loss: 2.5717 acc: 0.6635 macro f1: 0.6424 macro precision: 0.6800 macro recall: 0.6426 time: 0.0117
Epoch 435  loss: 0.1344 acc: 0.9531 time0.0223
Epoch 435  loss: 0.1088 acc: 0.9740 Valid  loss: 2.9628  acc: 0.5417  macro_f1: 0.4179  micro_f1: 0.5417
Test  loss: 2.7880 acc: 0.6538 macro f1: 0.6276 macro precision: 0.6694 macro recall: 0.6292 time: 0.0123
Epoch 436  loss: 0.1361 acc: 0.9688 time0.0213
Epoch 436  loss: 0.0957 acc: 0.9844 Valid  loss: 3.0877  acc: 0.5833  macro_f1: 0.4872  micro_f1: 0.5833
Test  loss: 2.6662 acc: 0.6250 macro f1: 0.6032 macro precision: 0.6408 macro recall: 0.6006 time: 0.0120
Epoch 437  loss: 0.1163 acc: 0.9688 time0.0209
Epoch 437  loss: 0.1062 acc: 0.9844 Valid  loss: 3.4148  acc: 0.5625  macro_f1: 0.4712  micro_f1: 0.5625
Test  loss: 2.5916 acc: 0.6346 macro f1: 0.6141 macro precision: 0.6312 macro recall: 0.6120 time: 0.0117
Epoch 438  loss: 0.0704 acc: 0.9896 time0.0211
Epoch 438  loss: 0.1204 acc: 0.9844 Valid  loss: 3.6246  acc: 0.5625  macro_f1: 0.4714  micro_f1: 0.5625
Test  loss: 2.5845 acc: 0.6635 macro f1: 0.6458 macro precision: 0.6527 macro recall: 0.6424 time: 0.0117
Epoch 439  loss: 0.0831 acc: 0.9948 time0.0213
Epoch 439  loss: 0.1324 acc: 0.9792 Valid  loss: 3.8821  acc: 0.5625  macro_f1: 0.4714  micro_f1: 0.5625
Test  loss: 2.6798 acc: 0.6635 macro f1: 0.6401 macro precision: 0.6491 macro recall: 0.6366 time: 0.0125
Epoch 440  loss: 0.0901 acc: 0.9844 time0.0217
Epoch 440  loss: 0.1626 acc: 0.9740 Valid  loss: 4.0528  acc: 0.5625  macro_f1: 0.4714  micro_f1: 0.5625
Test  loss: 2.7268 acc: 0.6442 macro f1: 0.6218 macro precision: 0.6325 macro recall: 0.6176 time: 0.0128
Epoch 441  loss: 0.0780 acc: 0.9844 time0.0227
Epoch 441  loss: 0.1825 acc: 0.9688 Valid  loss: 4.1274  acc: 0.5833  macro_f1: 0.4857  micro_f1: 0.5833
Test  loss: 2.7534 acc: 0.6442 macro f1: 0.6218 macro precision: 0.6325 macro recall: 0.6176 time: 0.0121
Epoch 442  loss: 0.1385 acc: 0.9583 time0.0216
Epoch 442  loss: 0.1633 acc: 0.9740 Valid  loss: 4.1269  acc: 0.5833  macro_f1: 0.4857  micro_f1: 0.5833
Test  loss: 2.7896 acc: 0.6442 macro f1: 0.6218 macro precision: 0.6325 macro recall: 0.6176 time: 0.0119
Epoch 443  loss: 0.0957 acc: 0.9635 time0.0230
Epoch 443  loss: 0.1355 acc: 0.9792 Valid  loss: 4.0234  acc: 0.5625  macro_f1: 0.4714  micro_f1: 0.5625
Test  loss: 2.7712 acc: 0.6635 macro f1: 0.6401 macro precision: 0.6491 macro recall: 0.6366 time: 0.0118
Epoch 444  loss: 0.0558 acc: 0.9792 time0.0216
Epoch 444  loss: 0.1194 acc: 0.9844 Valid  loss: 3.8697  acc: 0.5833  macro_f1: 0.4862  micro_f1: 0.5833
Test  loss: 2.7539 acc: 0.6731 macro f1: 0.6502 macro precision: 0.6581 macro recall: 0.6481 time: 0.0118
Epoch 445  loss: 0.0705 acc: 0.9740 time0.0213
Epoch 445  loss: 0.0987 acc: 0.9844 Valid  loss: 3.8435  acc: 0.5833  macro_f1: 0.4868  micro_f1: 0.5833
Test  loss: 2.8169 acc: 0.6635 macro f1: 0.6480 macro precision: 0.6556 macro recall: 0.6463 time: 0.0126
Epoch 446  loss: 0.0439 acc: 0.9896 time0.0205
Epoch 446  loss: 0.0708 acc: 0.9844 Valid  loss: 3.7659  acc: 0.5833  macro_f1: 0.4868  micro_f1: 0.5833
Test  loss: 2.8121 acc: 0.6538 macro f1: 0.6402 macro precision: 0.6487 macro recall: 0.6387 time: 0.0125
Epoch 447  loss: 0.0212 acc: 0.9948 time0.0217
Epoch 447  loss: 0.0476 acc: 0.9896 Valid  loss: 3.7458  acc: 0.5625  macro_f1: 0.4712  micro_f1: 0.5625
Test  loss: 2.8214 acc: 0.6346 macro f1: 0.6189 macro precision: 0.6311 macro recall: 0.6178 time: 0.0122
Epoch 448  loss: 0.0204 acc: 0.9948 time0.0228
Epoch 448  loss: 0.0340 acc: 0.9896 Valid  loss: 3.7595  acc: 0.5625  macro_f1: 0.4699  micro_f1: 0.5625
Test  loss: 2.8510 acc: 0.6250 macro f1: 0.6083 macro precision: 0.6141 macro recall: 0.6122 time: 0.0118
Epoch 449  loss: 0.0238 acc: 0.9948 time0.0210
Epoch 449  loss: 0.0201 acc: 0.9896 Valid  loss: 3.8455  acc: 0.5417  macro_f1: 0.4496  micro_f1: 0.5417
Test  loss: 2.8654 acc: 0.6442 macro f1: 0.6289 macro precision: 0.6389 macro recall: 0.6370 time: 0.0119
Epoch 450  loss: 0.0234 acc: 1.0000 time0.0216
Epoch 450  loss: 0.0110 acc: 0.9896 Valid  loss: 4.0393  acc: 0.5625  macro_f1: 0.4647  micro_f1: 0.5625
Test  loss: 2.9124 acc: 0.6346 macro f1: 0.6197 macro precision: 0.6300 macro recall: 0.6294 time: 0.0121
Best validation: VALID ACC 0.5416666865348816  MACRO F1 0.43333333333333335 MICRO F1 0.5416666666666666 EPOCH 12
Best test: TEST ACC 0.7307692170143127 TEST F1 0.7141148325358851 TEST PRECISION 0.7302777453611857 TEST RECALL 0.7089610389610389 EPOCH 27
Epoch 451  loss: 0.0198 acc: 1.0000 time0.0221
Epoch 451  loss: 0.0063 acc: 0.9948 Valid  loss: 4.1137  acc: 0.5625  macro_f1: 0.4647  micro_f1: 0.5625
Test  loss: 2.9439 acc: 0.6250 macro f1: 0.6110 macro precision: 0.6209 macro recall: 0.6199 time: 0.0120
Epoch 452  loss: 0.0379 acc: 0.9896 time0.0205
Epoch 452  loss: 0.0031 acc: 1.0000 Valid  loss: 4.2052  acc: 0.5208  macro_f1: 0.4386  micro_f1: 0.5208
Test  loss: 3.0073 acc: 0.6346 macro f1: 0.6229 macro precision: 0.6306 macro recall: 0.6332 time: 0.0119
Epoch 453  loss: 0.0386 acc: 0.9844 time0.0238
Epoch 453  loss: 0.0025 acc: 1.0000 Valid  loss: 4.2330  acc: 0.5208  macro_f1: 0.4411  micro_f1: 0.5208
Test  loss: 3.0188 acc: 0.6346 macro f1: 0.6229 macro precision: 0.6306 macro recall: 0.6332 time: 0.0122
Epoch 454  loss: 0.0187 acc: 0.9948 time0.0219
Epoch 454  loss: 0.0017 acc: 1.0000 Valid  loss: 4.3086  acc: 0.5208  macro_f1: 0.4375  micro_f1: 0.5208
Test  loss: 3.0591 acc: 0.6346 macro f1: 0.6229 macro precision: 0.6306 macro recall: 0.6332 time: 0.0122
Epoch 455  loss: 0.0176 acc: 1.0000 time0.0219
Epoch 455  loss: 0.0032 acc: 1.0000 Valid  loss: 4.3342  acc: 0.5208  macro_f1: 0.4375  micro_f1: 0.5208
Test  loss: 3.0511 acc: 0.6346 macro f1: 0.6200 macro precision: 0.6261 macro recall: 0.6274 time: 0.0124
Epoch 456  loss: 0.0128 acc: 1.0000 time0.0216
Epoch 456  loss: 0.0046 acc: 0.9948 Valid  loss: 4.3692  acc: 0.5208  macro_f1: 0.4346  micro_f1: 0.5208
Test  loss: 3.1054 acc: 0.6346 macro f1: 0.6200 macro precision: 0.6261 macro recall: 0.6274 time: 0.0117
Epoch 457  loss: 0.0102 acc: 1.0000 time0.0219
Epoch 457  loss: 0.0067 acc: 0.9948 Valid  loss: 4.4162  acc: 0.5208  macro_f1: 0.4378  micro_f1: 0.5208
Test  loss: 3.1761 acc: 0.6250 macro f1: 0.6122 macro precision: 0.6179 macro recall: 0.6179 time: 0.0118
Epoch 458  loss: 0.0194 acc: 0.9948 time0.0213
Epoch 458  loss: 0.0140 acc: 0.9948 Valid  loss: 4.4980  acc: 0.5417  macro_f1: 0.4542  micro_f1: 0.5417
Test  loss: 3.2225 acc: 0.6442 macro f1: 0.6304 macro precision: 0.6376 macro recall: 0.6331 time: 0.0119
Epoch 459  loss: 0.0096 acc: 1.0000 time0.0218
Epoch 459  loss: 0.0208 acc: 0.9948 Valid  loss: 4.5955  acc: 0.5417  macro_f1: 0.4576  micro_f1: 0.5417
Test  loss: 3.2877 acc: 0.6442 macro f1: 0.6263 macro precision: 0.6353 macro recall: 0.6273 time: 0.0123
Epoch 460  loss: 0.0109 acc: 1.0000 time0.0215
Epoch 460  loss: 0.0264 acc: 0.9948 Valid  loss: 4.7111  acc: 0.5417  macro_f1: 0.4576  micro_f1: 0.5417
Test  loss: 3.3065 acc: 0.6538 macro f1: 0.6342 macro precision: 0.6420 macro recall: 0.6349 time: 0.0124
Epoch 461  loss: 0.0059 acc: 1.0000 time0.0215
Epoch 461  loss: 0.0294 acc: 0.9948 Valid  loss: 4.7550  acc: 0.5417  macro_f1: 0.4576  micro_f1: 0.5417
Test  loss: 3.3404 acc: 0.6538 macro f1: 0.6342 macro precision: 0.6420 macro recall: 0.6349 time: 0.0121
Epoch 462  loss: 0.0063 acc: 1.0000 time0.0217
Epoch 462  loss: 0.0319 acc: 0.9948 Valid  loss: 4.8471  acc: 0.5625  macro_f1: 0.4727  micro_f1: 0.5625
Test  loss: 3.3987 acc: 0.6442 macro f1: 0.6257 macro precision: 0.6328 macro recall: 0.6254 time: 0.0121
Epoch 463  loss: 0.0081 acc: 0.9948 time0.0216
Epoch 463  loss: 0.0346 acc: 0.9948 Valid  loss: 4.9906  acc: 0.5625  macro_f1: 0.4727  micro_f1: 0.5625
Test  loss: 3.4676 acc: 0.6442 macro f1: 0.6257 macro precision: 0.6328 macro recall: 0.6254 time: 0.0119
Epoch 464  loss: 0.0190 acc: 0.9896 time0.0217
Epoch 464  loss: 0.0326 acc: 0.9948 Valid  loss: 5.0424  acc: 0.5625  macro_f1: 0.4727  micro_f1: 0.5625
Test  loss: 3.5153 acc: 0.6442 macro f1: 0.6257 macro precision: 0.6328 macro recall: 0.6254 time: 0.0118
Epoch 465  loss: 0.0124 acc: 0.9948 time0.0223
Epoch 465  loss: 0.0326 acc: 0.9948 Valid  loss: 5.0858  acc: 0.5417  macro_f1: 0.4576  micro_f1: 0.5417
Test  loss: 3.5693 acc: 0.6442 macro f1: 0.6257 macro precision: 0.6328 macro recall: 0.6254 time: 0.0120
Epoch 466  loss: 0.0116 acc: 0.9948 time0.0215
Epoch 466  loss: 0.0293 acc: 0.9948 Valid  loss: 5.0859  acc: 0.5417  macro_f1: 0.4576  micro_f1: 0.5417
Test  loss: 3.5804 acc: 0.6442 macro f1: 0.6257 macro precision: 0.6328 macro recall: 0.6254 time: 0.0116
Epoch 467  loss: 0.0077 acc: 0.9948 time0.0260
Epoch 467  loss: 0.0186 acc: 0.9948 Valid  loss: 5.1591  acc: 0.5417  macro_f1: 0.4576  micro_f1: 0.5417
Test  loss: 3.6117 acc: 0.6538 macro f1: 0.6342 macro precision: 0.6420 macro recall: 0.6349 time: 0.0148
Epoch 468  loss: 0.0042 acc: 1.0000 time0.0263
Epoch 468  loss: 0.0159 acc: 0.9948 Valid  loss: 5.2487  acc: 0.5417  macro_f1: 0.4576  micro_f1: 0.5417
Test  loss: 3.6817 acc: 0.6538 macro f1: 0.6342 macro precision: 0.6420 macro recall: 0.6349 time: 0.0133
Epoch 469  loss: 0.0063 acc: 1.0000 time0.0228
Epoch 469  loss: 0.0062 acc: 0.9948 Valid  loss: 5.2709  acc: 0.5417  macro_f1: 0.4576  micro_f1: 0.5417
Test  loss: 3.7308 acc: 0.6538 macro f1: 0.6342 macro precision: 0.6420 macro recall: 0.6349 time: 0.0121
Epoch 470  loss: 0.0041 acc: 1.0000 time0.0223
Epoch 470  loss: 0.0015 acc: 1.0000 Valid  loss: 5.3117  acc: 0.5417  macro_f1: 0.4576  micro_f1: 0.5417
Test  loss: 3.7727 acc: 0.6538 macro f1: 0.6342 macro precision: 0.6420 macro recall: 0.6349 time: 0.0120
Epoch 471  loss: 0.0035 acc: 1.0000 time0.0214
Epoch 471  loss: 0.0014 acc: 1.0000 Valid  loss: 5.3196  acc: 0.5625  macro_f1: 0.4712  micro_f1: 0.5625
Test  loss: 3.8087 acc: 0.6538 macro f1: 0.6342 macro precision: 0.6420 macro recall: 0.6349 time: 0.0119
Epoch 472  loss: 0.0067 acc: 0.9948 time0.0221
Epoch 472  loss: 0.0011 acc: 1.0000 Valid  loss: 5.3296  acc: 0.5625  macro_f1: 0.4712  micro_f1: 0.5625
Test  loss: 3.9171 acc: 0.6442 macro f1: 0.6254 macro precision: 0.6312 macro recall: 0.6273 time: 0.0122
Epoch 473  loss: 0.0097 acc: 0.9948 time0.0219
Epoch 473  loss: 0.0004 acc: 1.0000 Valid  loss: 5.3344  acc: 0.5625  macro_f1: 0.4712  micro_f1: 0.5625
Test  loss: 3.9593 acc: 0.6346 macro f1: 0.6173 macro precision: 0.6244 macro recall: 0.6197 time: 0.0117
Epoch 474  loss: 0.0075 acc: 1.0000 time0.0221
Epoch 474  loss: 0.0001 acc: 1.0000 Valid  loss: 5.3979  acc: 0.5625  macro_f1: 0.4712  micro_f1: 0.5625
Test  loss: 3.9862 acc: 0.6442 macro f1: 0.6263 macro precision: 0.6353 macro recall: 0.6273 time: 0.0119
Epoch 475  loss: 0.0135 acc: 0.9948 time0.0218
Epoch 475  loss: 0.0001 acc: 1.0000 Valid  loss: 5.3850  acc: 0.5625  macro_f1: 0.4712  micro_f1: 0.5625
Test  loss: 4.0301 acc: 0.6346 macro f1: 0.6173 macro precision: 0.6244 macro recall: 0.6197 time: 0.0123
Epoch 476  loss: 0.0031 acc: 1.0000 time0.0214
Epoch 476  loss: 0.0001 acc: 1.0000 Valid  loss: 5.4322  acc: 0.5625  macro_f1: 0.4712  micro_f1: 0.5625
Test  loss: 4.0489 acc: 0.6346 macro f1: 0.6173 macro precision: 0.6244 macro recall: 0.6197 time: 0.0116
Epoch 477  loss: 0.0033 acc: 1.0000 time0.0218
Epoch 477  loss: 0.0001 acc: 1.0000 Valid  loss: 5.4784  acc: 0.5625  macro_f1: 0.4712  micro_f1: 0.5625
Test  loss: 4.0953 acc: 0.6442 macro f1: 0.6254 macro precision: 0.6312 macro recall: 0.6273 time: 0.0117
Epoch 478  loss: 0.0020 acc: 1.0000 time0.0224
Epoch 478  loss: 0.0001 acc: 1.0000 Valid  loss: 5.5464  acc: 0.5625  macro_f1: 0.4712  micro_f1: 0.5625
Test  loss: 4.1065 acc: 0.6442 macro f1: 0.6254 macro precision: 0.6312 macro recall: 0.6273 time: 0.0125
Epoch 479  loss: 0.0030 acc: 1.0000 time0.0220
Epoch 479  loss: 0.0001 acc: 1.0000 Valid  loss: 5.6121  acc: 0.5625  macro_f1: 0.4712  micro_f1: 0.5625
Test  loss: 4.1039 acc: 0.6442 macro f1: 0.6254 macro precision: 0.6312 macro recall: 0.6273 time: 0.0122
Epoch 480  loss: 0.0035 acc: 1.0000 time0.0231
Epoch 480  loss: 0.0001 acc: 1.0000 Valid  loss: 5.7152  acc: 0.5417  macro_f1: 0.4576  micro_f1: 0.5417
Test  loss: 4.1167 acc: 0.6442 macro f1: 0.6254 macro precision: 0.6312 macro recall: 0.6273 time: 0.0125
Epoch 481  loss: 0.0019 acc: 1.0000 time0.0217
Epoch 481  loss: 0.0014 acc: 1.0000 Valid  loss: 5.8068  acc: 0.5417  macro_f1: 0.4576  micro_f1: 0.5417
Test  loss: 4.1154 acc: 0.6442 macro f1: 0.6254 macro precision: 0.6312 macro recall: 0.6273 time: 0.0118
Epoch 482  loss: 0.0020 acc: 1.0000 time0.0217
Epoch 482  loss: 0.0011 acc: 1.0000 Valid  loss: 5.9031  acc: 0.5417  macro_f1: 0.4576  micro_f1: 0.5417
Test  loss: 4.1081 acc: 0.6346 macro f1: 0.6165 macro precision: 0.6211 macro recall: 0.6197 time: 0.0118
Epoch 483  loss: 0.0029 acc: 1.0000 time0.0224
Epoch 483  loss: 0.0017 acc: 1.0000 Valid  loss: 5.9566  acc: 0.5417  macro_f1: 0.4576  micro_f1: 0.5417
Test  loss: 4.0913 acc: 0.6442 macro f1: 0.6247 macro precision: 0.6281 macro recall: 0.6273 time: 0.0122
Epoch 484  loss: 0.0015 acc: 1.0000 time0.0212
Epoch 484  loss: 0.0016 acc: 1.0000 Valid  loss: 6.0048  acc: 0.5417  macro_f1: 0.4576  micro_f1: 0.5417
Test  loss: 4.1115 acc: 0.6442 macro f1: 0.6247 macro precision: 0.6281 macro recall: 0.6273 time: 0.0119
Epoch 485  loss: 0.0041 acc: 1.0000 time0.0215
Epoch 485  loss: 0.0013 acc: 1.0000 Valid  loss: 6.1000  acc: 0.5417  macro_f1: 0.4576  micro_f1: 0.5417
Test  loss: 4.1304 acc: 0.6346 macro f1: 0.6155 macro precision: 0.6178 macro recall: 0.6178 time: 0.0121
Epoch 486  loss: 0.0039 acc: 1.0000 time0.0218
Epoch 486  loss: 0.0013 acc: 1.0000 Valid  loss: 6.1208  acc: 0.5417  macro_f1: 0.4576  micro_f1: 0.5417
Test  loss: 4.1351 acc: 0.6346 macro f1: 0.6155 macro precision: 0.6178 macro recall: 0.6178 time: 0.0124
Epoch 487  loss: 0.0028 acc: 1.0000 time0.0212
Epoch 487  loss: 0.0011 acc: 1.0000 Valid  loss: 6.1320  acc: 0.5417  macro_f1: 0.4576  micro_f1: 0.5417
Test  loss: 4.1493 acc: 0.6346 macro f1: 0.6155 macro precision: 0.6178 macro recall: 0.6178 time: 0.0120
Epoch 488  loss: 0.0042 acc: 1.0000 time0.0216
Epoch 488  loss: 0.0009 acc: 1.0000 Valid  loss: 6.1582  acc: 0.5417  macro_f1: 0.4576  micro_f1: 0.5417
Test  loss: 4.1693 acc: 0.6346 macro f1: 0.6155 macro precision: 0.6178 macro recall: 0.6178 time: 0.0120
Epoch 489  loss: 0.0040 acc: 1.0000 time0.0227
Epoch 489  loss: 0.0001 acc: 1.0000 Valid  loss: 6.1269  acc: 0.5417  macro_f1: 0.4576  micro_f1: 0.5417
Test  loss: 4.2155 acc: 0.6250 macro f1: 0.6109 macro precision: 0.6140 macro recall: 0.6140 time: 0.0118
Epoch 490  loss: 0.0029 acc: 1.0000 time0.0216
Epoch 490  loss: 0.0001 acc: 1.0000 Valid  loss: 6.1637  acc: 0.5417  macro_f1: 0.4576  micro_f1: 0.5417
Test  loss: 4.2360 acc: 0.6346 macro f1: 0.6202 macro precision: 0.6240 macro recall: 0.6235 time: 0.0119
Epoch 491  loss: 0.0050 acc: 1.0000 time0.0207
Epoch 491  loss: 0.0000 acc: 1.0000 Valid  loss: 6.2119  acc: 0.5417  macro_f1: 0.4576  micro_f1: 0.5417
Test  loss: 4.2544 acc: 0.6346 macro f1: 0.6202 macro precision: 0.6240 macro recall: 0.6235 time: 0.0118
Epoch 492  loss: 0.0017 acc: 1.0000 time0.0221
Epoch 492  loss: 0.0000 acc: 1.0000 Valid  loss: 6.2894  acc: 0.5208  macro_f1: 0.4423  micro_f1: 0.5208
Test  loss: 4.2982 acc: 0.6250 macro f1: 0.6114 macro precision: 0.6151 macro recall: 0.6160 time: 0.0118
Epoch 493  loss: 0.0011 acc: 1.0000 time0.0220
Epoch 493  loss: 0.0000 acc: 1.0000 Valid  loss: 6.2681  acc: 0.5208  macro_f1: 0.4423  micro_f1: 0.5208
Test  loss: 4.3555 acc: 0.6250 macro f1: 0.6114 macro precision: 0.6151 macro recall: 0.6160 time: 0.0116
Epoch 494  loss: 0.0016 acc: 1.0000 time0.0215
Epoch 494  loss: 0.0000 acc: 1.0000 Valid  loss: 6.2846  acc: 0.5208  macro_f1: 0.4423  micro_f1: 0.5208
Test  loss: 4.3572 acc: 0.6250 macro f1: 0.6114 macro precision: 0.6151 macro recall: 0.6160 time: 0.0118
Epoch 495  loss: 0.0028 acc: 1.0000 time0.0207
Epoch 495  loss: 0.0000 acc: 1.0000 Valid  loss: 6.3466  acc: 0.5208  macro_f1: 0.4423  micro_f1: 0.5208
Test  loss: 4.3856 acc: 0.6250 macro f1: 0.6114 macro precision: 0.6151 macro recall: 0.6160 time: 0.0126
Epoch 496  loss: 0.0013 acc: 1.0000 time0.0219
Epoch 496  loss: 0.0000 acc: 1.0000 Valid  loss: 6.3333  acc: 0.5208  macro_f1: 0.4423  micro_f1: 0.5208
Test  loss: 4.4361 acc: 0.6346 macro f1: 0.6206 macro precision: 0.6249 macro recall: 0.6255 time: 0.0121
Epoch 497  loss: 0.0032 acc: 1.0000 time0.0217
Epoch 497  loss: 0.0000 acc: 1.0000 Valid  loss: 6.3230  acc: 0.5208  macro_f1: 0.4423  micro_f1: 0.5208
Test  loss: 4.4235 acc: 0.6346 macro f1: 0.6206 macro precision: 0.6249 macro recall: 0.6255 time: 0.0126
Epoch 498  loss: 0.0033 acc: 1.0000 time0.0215
Epoch 498  loss: 0.0000 acc: 1.0000 Valid  loss: 6.2603  acc: 0.5208  macro_f1: 0.4423  micro_f1: 0.5208
Test  loss: 4.4874 acc: 0.6250 macro f1: 0.6122 macro precision: 0.6179 macro recall: 0.6179 time: 0.0122
Epoch 499  loss: 0.0019 acc: 1.0000 time0.0232
Epoch 499  loss: 0.0000 acc: 1.0000 Valid  loss: 6.2713  acc: 0.5208  macro_f1: 0.4423  micro_f1: 0.5208
Test  loss: 4.5223 acc: 0.6250 macro f1: 0.6122 macro precision: 0.6179 macro recall: 0.6179 time: 0.0119
Epoch 500  loss: 0.0021 acc: 1.0000 time0.0213
Epoch 500  loss: 0.0001 acc: 1.0000 Valid  loss: 6.2840  acc: 0.5208  macro_f1: 0.4423  micro_f1: 0.5208
Test  loss: 4.5371 acc: 0.6346 macro f1: 0.6213 macro precision: 0.6275 macro recall: 0.6255 time: 0.0118
Best validation: VALID ACC 0.5416666865348816  MACRO F1 0.43333333333333335 MICRO F1 0.5416666666666666 EPOCH 12
Best test: TEST ACC 0.7307692170143127 TEST F1 0.7141148325358851 TEST PRECISION 0.7302777453611857 TEST RECALL 0.7089610389610389 EPOCH 27
Epoch 501  loss: 0.0013 acc: 1.0000 time0.0219
Epoch 501  loss: 0.0001 acc: 1.0000 Valid  loss: 6.2555  acc: 0.5208  macro_f1: 0.4423  micro_f1: 0.5208
Test  loss: 4.5742 acc: 0.6346 macro f1: 0.6213 macro precision: 0.6275 macro recall: 0.6255 time: 0.0127
Epoch 502  loss: 0.0027 acc: 1.0000 time0.0210
Epoch 502  loss: 0.0001 acc: 1.0000 Valid  loss: 6.2146  acc: 0.5208  macro_f1: 0.4423  micro_f1: 0.5208
Test  loss: 4.5783 acc: 0.6346 macro f1: 0.6213 macro precision: 0.6275 macro recall: 0.6255 time: 0.0123
Epoch 503  loss: 0.0025 acc: 1.0000 time0.0237
Epoch 503  loss: 0.0002 acc: 1.0000 Valid  loss: 6.2162  acc: 0.5208  macro_f1: 0.4423  micro_f1: 0.5208
Test  loss: 4.5936 acc: 0.6346 macro f1: 0.6213 macro precision: 0.6275 macro recall: 0.6255 time: 0.0125
Epoch 504  loss: 0.0013 acc: 1.0000 time0.0216
Epoch 504  loss: 0.0002 acc: 1.0000 Valid  loss: 6.2140  acc: 0.5417  macro_f1: 0.4556  micro_f1: 0.5417
Test  loss: 4.6207 acc: 0.6346 macro f1: 0.6213 macro precision: 0.6275 macro recall: 0.6255 time: 0.0125
Epoch 505  loss: 0.0038 acc: 1.0000 time0.0221
Epoch 505  loss: 0.0001 acc: 1.0000 Valid  loss: 6.1542  acc: 0.5417  macro_f1: 0.4556  micro_f1: 0.5417
Test  loss: 4.6365 acc: 0.6442 macro f1: 0.6304 macro precision: 0.6376 macro recall: 0.6331 time: 0.0118
Epoch 506  loss: 0.0057 acc: 1.0000 time0.0215
Epoch 506  loss: 0.0002 acc: 1.0000 Valid  loss: 6.1530  acc: 0.5417  macro_f1: 0.4556  micro_f1: 0.5417
Test  loss: 4.6500 acc: 0.6442 macro f1: 0.6304 macro precision: 0.6376 macro recall: 0.6331 time: 0.0118
Epoch 507  loss: 0.0015 acc: 1.0000 time0.0234
Epoch 507  loss: 0.0002 acc: 1.0000 Valid  loss: 6.1451  acc: 0.5417  macro_f1: 0.4556  micro_f1: 0.5417
Test  loss: 4.6584 acc: 0.6442 macro f1: 0.6304 macro precision: 0.6376 macro recall: 0.6331 time: 0.0144
Epoch 508  loss: 0.0007 acc: 1.0000 time0.0230
Epoch 508  loss: 0.0002 acc: 1.0000 Valid  loss: 6.1472  acc: 0.5417  macro_f1: 0.4556  micro_f1: 0.5417
Test  loss: 4.6915 acc: 0.6442 macro f1: 0.6304 macro precision: 0.6376 macro recall: 0.6331 time: 0.0124
Epoch 509  loss: 0.0012 acc: 1.0000 time0.0224
Epoch 509  loss: 0.0002 acc: 1.0000 Valid  loss: 6.1226  acc: 0.5417  macro_f1: 0.4556  micro_f1: 0.5417
Test  loss: 4.7120 acc: 0.6346 macro f1: 0.6173 macro precision: 0.6244 macro recall: 0.6197 time: 0.0123
Epoch 510  loss: 0.0021 acc: 1.0000 time0.0224
Epoch 510  loss: 0.0002 acc: 1.0000 Valid  loss: 6.1302  acc: 0.5417  macro_f1: 0.4556  micro_f1: 0.5417
Test  loss: 4.7215 acc: 0.6346 macro f1: 0.6173 macro precision: 0.6244 macro recall: 0.6197 time: 0.0123
Epoch 511  loss: 0.0014 acc: 1.0000 time0.0224
Epoch 511  loss: 0.0003 acc: 1.0000 Valid  loss: 6.1416  acc: 0.5417  macro_f1: 0.4556  micro_f1: 0.5417
Test  loss: 4.7335 acc: 0.6346 macro f1: 0.6173 macro precision: 0.6244 macro recall: 0.6197 time: 0.0126
Epoch 512  loss: 0.0012 acc: 1.0000 time0.0221
Epoch 512  loss: 0.0003 acc: 1.0000 Valid  loss: 6.1516  acc: 0.5417  macro_f1: 0.4556  micro_f1: 0.5417
Test  loss: 4.7340 acc: 0.6346 macro f1: 0.6173 macro precision: 0.6244 macro recall: 0.6197 time: 0.0124
Epoch 513  loss: 0.0011 acc: 1.0000 time0.0231
Epoch 513  loss: 0.0003 acc: 1.0000 Valid  loss: 6.1877  acc: 0.5417  macro_f1: 0.4556  micro_f1: 0.5417
Test  loss: 4.7414 acc: 0.6346 macro f1: 0.6173 macro precision: 0.6244 macro recall: 0.6197 time: 0.0126
Epoch 514  loss: 0.0035 acc: 1.0000 time0.0243
Epoch 514  loss: 0.0003 acc: 1.0000 Valid  loss: 6.2168  acc: 0.5417  macro_f1: 0.4556  micro_f1: 0.5417
Test  loss: 4.7376 acc: 0.6346 macro f1: 0.6173 macro precision: 0.6244 macro recall: 0.6197 time: 0.0144
Epoch 515  loss: 0.0010 acc: 1.0000 time0.0212
Epoch 515  loss: 0.0003 acc: 1.0000 Valid  loss: 6.2648  acc: 0.5208  macro_f1: 0.4423  micro_f1: 0.5208
Test  loss: 4.7448 acc: 0.6346 macro f1: 0.6173 macro precision: 0.6244 macro recall: 0.6197 time: 0.0125
Epoch 516  loss: 0.0010 acc: 1.0000 time0.0363
Epoch 516  loss: 0.0005 acc: 1.0000 Valid  loss: 6.3045  acc: 0.5208  macro_f1: 0.4423  micro_f1: 0.5208
Test  loss: 4.7398 acc: 0.6442 macro f1: 0.6254 macro precision: 0.6312 macro recall: 0.6273 time: 0.0132
Epoch 517  loss: 0.0015 acc: 1.0000 time0.0245
Epoch 517  loss: 0.0004 acc: 1.0000 Valid  loss: 6.3754  acc: 0.5208  macro_f1: 0.4423  micro_f1: 0.5208
Test  loss: 4.7369 acc: 0.6442 macro f1: 0.6254 macro precision: 0.6312 macro recall: 0.6273 time: 0.0118
Epoch 518  loss: 0.0007 acc: 1.0000 time0.0216
Epoch 518  loss: 0.0004 acc: 1.0000 Valid  loss: 6.4283  acc: 0.5208  macro_f1: 0.4423  micro_f1: 0.5208
Test  loss: 4.7347 acc: 0.6538 macro f1: 0.6386 macro precision: 0.6443 macro recall: 0.6406 time: 0.0121
Epoch 519  loss: 0.0034 acc: 1.0000 time0.0218
Epoch 519  loss: 0.0004 acc: 1.0000 Valid  loss: 6.4271  acc: 0.5208  macro_f1: 0.4423  micro_f1: 0.5208
Test  loss: 4.7219 acc: 0.6538 macro f1: 0.6386 macro precision: 0.6443 macro recall: 0.6406 time: 0.0120
Epoch 520  loss: 0.0014 acc: 1.0000 time0.0262
Epoch 520  loss: 0.0003 acc: 1.0000 Valid  loss: 6.4765  acc: 0.5208  macro_f1: 0.4423  micro_f1: 0.5208
Test  loss: 4.6888 acc: 0.6442 macro f1: 0.6295 macro precision: 0.6344 macro recall: 0.6331 time: 0.0139
Epoch 521  loss: 0.0026 acc: 1.0000 time0.0254
Epoch 521  loss: 0.0002 acc: 1.0000 Valid  loss: 6.4933  acc: 0.5417  macro_f1: 0.4576  micro_f1: 0.5417
Test  loss: 4.6742 acc: 0.6442 macro f1: 0.6295 macro precision: 0.6344 macro recall: 0.6331 time: 0.0134
Epoch 522  loss: 0.0013 acc: 1.0000 time0.0252
Epoch 522  loss: 0.0001 acc: 1.0000 Valid  loss: 6.5346  acc: 0.5417  macro_f1: 0.4576  micro_f1: 0.5417
Test  loss: 4.6642 acc: 0.6442 macro f1: 0.6295 macro precision: 0.6344 macro recall: 0.6331 time: 0.0141
Epoch 523  loss: 0.0028 acc: 1.0000 time0.0233
Epoch 523  loss: 0.0001 acc: 1.0000 Valid  loss: 6.6171  acc: 0.5208  macro_f1: 0.4423  micro_f1: 0.5208
Test  loss: 4.6487 acc: 0.6346 macro f1: 0.6202 macro precision: 0.6240 macro recall: 0.6235 time: 0.0150
Epoch 524  loss: 0.0017 acc: 1.0000 time0.0254
Epoch 524  loss: 0.0000 acc: 1.0000 Valid  loss: 6.7431  acc: 0.5208  macro_f1: 0.4423  micro_f1: 0.5208
Test  loss: 4.6551 acc: 0.6442 macro f1: 0.6284 macro precision: 0.6310 macro recall: 0.6311 time: 0.0137
Epoch 525  loss: 0.0015 acc: 1.0000 time0.0290
Epoch 525  loss: 0.0000 acc: 1.0000 Valid  loss: 6.8370  acc: 0.5208  macro_f1: 0.4423  micro_f1: 0.5208
Test  loss: 4.6965 acc: 0.6346 macro f1: 0.6202 macro precision: 0.6240 macro recall: 0.6235 time: 0.0150
Epoch 526  loss: 0.0043 acc: 1.0000 time0.0254
Epoch 526  loss: 0.0000 acc: 1.0000 Valid  loss: 6.8412  acc: 0.5208  macro_f1: 0.4423  micro_f1: 0.5208
Test  loss: 4.7072 acc: 0.6346 macro f1: 0.6202 macro precision: 0.6240 macro recall: 0.6235 time: 0.0129
Epoch 527  loss: 0.0010 acc: 1.0000 time0.0228
Epoch 527  loss: 0.0000 acc: 1.0000 Valid  loss: 6.8872  acc: 0.5208  macro_f1: 0.4423  micro_f1: 0.5208
Test  loss: 4.7106 acc: 0.6346 macro f1: 0.6202 macro precision: 0.6240 macro recall: 0.6235 time: 0.0130
Epoch 528  loss: 0.0103 acc: 0.9948 time0.0230
Epoch 528  loss: 0.0000 acc: 1.0000 Valid  loss: 6.8215  acc: 0.5208  macro_f1: 0.4423  micro_f1: 0.5208
Test  loss: 4.6989 acc: 0.6442 macro f1: 0.6284 macro precision: 0.6310 macro recall: 0.6311 time: 0.0131
Epoch 529  loss: 0.0008 acc: 1.0000 time0.0279
Epoch 529  loss: 0.0001 acc: 1.0000 Valid  loss: 6.7697  acc: 0.5208  macro_f1: 0.4423  micro_f1: 0.5208
Test  loss: 4.6545 acc: 0.6442 macro f1: 0.6284 macro precision: 0.6310 macro recall: 0.6311 time: 0.0150
Epoch 530  loss: 0.0007 acc: 1.0000 time0.0304
Epoch 530  loss: 0.0001 acc: 1.0000 Valid  loss: 6.7111  acc: 0.5417  macro_f1: 0.4576  micro_f1: 0.5417
Test  loss: 4.6838 acc: 0.6442 macro f1: 0.6284 macro precision: 0.6310 macro recall: 0.6311 time: 0.0153
Epoch 531  loss: 0.0019 acc: 1.0000 time0.0290
Epoch 531  loss: 0.0001 acc: 1.0000 Valid  loss: 6.6766  acc: 0.5417  macro_f1: 0.4576  micro_f1: 0.5417
Test  loss: 4.7448 acc: 0.6442 macro f1: 0.6295 macro precision: 0.6344 macro recall: 0.6331 time: 0.0141
Epoch 532  loss: 0.0015 acc: 1.0000 time0.0236
Epoch 532  loss: 0.0002 acc: 1.0000 Valid  loss: 6.6706  acc: 0.5417  macro_f1: 0.4576  micro_f1: 0.5417
Test  loss: 4.7156 acc: 0.6442 macro f1: 0.6295 macro precision: 0.6344 macro recall: 0.6331 time: 0.0129
Epoch 533  loss: 0.0010 acc: 1.0000 time0.0240
Epoch 533  loss: 0.0004 acc: 1.0000 Valid  loss: 6.6432  acc: 0.5417  macro_f1: 0.4576  micro_f1: 0.5417
Test  loss: 4.7336 acc: 0.6442 macro f1: 0.6295 macro precision: 0.6344 macro recall: 0.6331 time: 0.0128
Epoch 534  loss: 0.0023 acc: 1.0000 time0.0232
Epoch 534  loss: 0.0004 acc: 1.0000 Valid  loss: 6.6604  acc: 0.5417  macro_f1: 0.4576  micro_f1: 0.5417
Test  loss: 4.7571 acc: 0.6346 macro f1: 0.6165 macro precision: 0.6211 macro recall: 0.6197 time: 0.0128
Epoch 535  loss: 0.0008 acc: 1.0000 time0.0232
Epoch 535  loss: 0.0004 acc: 1.0000 Valid  loss: 6.6483  acc: 0.5417  macro_f1: 0.4576  micro_f1: 0.5417
Test  loss: 4.7890 acc: 0.6346 macro f1: 0.6165 macro precision: 0.6211 macro recall: 0.6197 time: 0.0127
Epoch 536  loss: 0.0007 acc: 1.0000 time0.0233
Epoch 536  loss: 0.0005 acc: 1.0000 Valid  loss: 6.6419  acc: 0.5417  macro_f1: 0.4576  micro_f1: 0.5417
Test  loss: 4.7952 acc: 0.6442 macro f1: 0.6254 macro precision: 0.6312 macro recall: 0.6273 time: 0.0132
Epoch 537  loss: 0.0020 acc: 1.0000 time0.0236
Epoch 537  loss: 0.0005 acc: 1.0000 Valid  loss: 6.6553  acc: 0.5417  macro_f1: 0.4576  micro_f1: 0.5417
Test  loss: 4.8260 acc: 0.6442 macro f1: 0.6254 macro precision: 0.6312 macro recall: 0.6273 time: 0.0126
Epoch 538  loss: 0.0009 acc: 1.0000 time0.0255
Epoch 538  loss: 0.0005 acc: 1.0000 Valid  loss: 6.6807  acc: 0.5417  macro_f1: 0.4576  micro_f1: 0.5417
Test  loss: 4.8245 acc: 0.6442 macro f1: 0.6254 macro precision: 0.6312 macro recall: 0.6273 time: 0.0129
Epoch 539  loss: 0.0008 acc: 1.0000 time0.0229
Epoch 539  loss: 0.0005 acc: 1.0000 Valid  loss: 6.6896  acc: 0.5417  macro_f1: 0.4576  micro_f1: 0.5417
Test  loss: 4.8492 acc: 0.6442 macro f1: 0.6254 macro precision: 0.6312 macro recall: 0.6273 time: 0.0132
Epoch 540  loss: 0.0020 acc: 1.0000 time0.0252
Epoch 540  loss: 0.0005 acc: 1.0000 Valid  loss: 6.7092  acc: 0.5417  macro_f1: 0.4576  micro_f1: 0.5417
Test  loss: 4.8463 acc: 0.6346 macro f1: 0.6165 macro precision: 0.6211 macro recall: 0.6197 time: 0.0133
Epoch 541  loss: 0.0025 acc: 1.0000 time0.0232
Epoch 541  loss: 0.0002 acc: 1.0000 Valid  loss: 6.7190  acc: 0.5417  macro_f1: 0.4576  micro_f1: 0.5417
Test  loss: 4.8314 acc: 0.6346 macro f1: 0.6165 macro precision: 0.6211 macro recall: 0.6197 time: 0.0133
Epoch 542  loss: 0.0094 acc: 0.9948 time0.0237
Epoch 542  loss: 0.0001 acc: 1.0000 Valid  loss: 6.7773  acc: 0.5417  macro_f1: 0.4576  micro_f1: 0.5417
Test  loss: 4.8220 acc: 0.6442 macro f1: 0.6295 macro precision: 0.6344 macro recall: 0.6331 time: 0.0123
Epoch 543  loss: 0.0126 acc: 0.9948 time0.0263
Epoch 543  loss: 0.0000 acc: 1.0000 Valid  loss: 6.9688  acc: 0.5208  macro_f1: 0.4423  micro_f1: 0.5208
Test  loss: 4.8713 acc: 0.6442 macro f1: 0.6284 macro precision: 0.6310 macro recall: 0.6311 time: 0.0132
Epoch 544  loss: 0.0008 acc: 1.0000 time0.0238
Epoch 544  loss: 0.0000 acc: 1.0000 Valid  loss: 7.2108  acc: 0.5000  macro_f1: 0.4267  micro_f1: 0.5000
Test  loss: 4.8867 acc: 0.6346 macro f1: 0.6202 macro precision: 0.6240 macro recall: 0.6235 time: 0.0128
Epoch 545  loss: 0.0007 acc: 1.0000 time0.0217
Epoch 545  loss: 0.0000 acc: 1.0000 Valid  loss: 7.3087  acc: 0.5000  macro_f1: 0.4267  micro_f1: 0.5000
Test  loss: 4.8784 acc: 0.6538 macro f1: 0.6410 macro precision: 0.6422 macro recall: 0.6445 time: 0.0132
Epoch 546  loss: 0.0014 acc: 1.0000 time0.0235
Epoch 546  loss: 0.0000 acc: 1.0000 Valid  loss: 7.3525  acc: 0.5000  macro_f1: 0.4267  micro_f1: 0.5000
Test  loss: 4.9324 acc: 0.6442 macro f1: 0.6322 macro precision: 0.6334 macro recall: 0.6369 time: 0.0126
Epoch 547  loss: 0.0010 acc: 1.0000 time0.0236
Epoch 547  loss: 0.0000 acc: 1.0000 Valid  loss: 7.4802  acc: 0.5000  macro_f1: 0.4267  micro_f1: 0.5000
Test  loss: 4.9927 acc: 0.6442 macro f1: 0.6322 macro precision: 0.6334 macro recall: 0.6369 time: 0.0122
Epoch 548  loss: 0.0095 acc: 0.9948 time0.0244
Epoch 548  loss: 0.0000 acc: 1.0000 Valid  loss: 7.4297  acc: 0.5000  macro_f1: 0.4267  micro_f1: 0.5000
Test  loss: 5.0054 acc: 0.6346 macro f1: 0.6228 macro precision: 0.6240 macro recall: 0.6274 time: 0.0125
Epoch 549  loss: 0.0100 acc: 0.9948 time0.0228
Epoch 549  loss: 0.0000 acc: 1.0000 Valid  loss: 7.3558  acc: 0.5000  macro_f1: 0.4267  micro_f1: 0.5000
Test  loss: 4.9675 acc: 0.6538 macro f1: 0.6410 macro precision: 0.6422 macro recall: 0.6445 time: 0.0134
Epoch 550  loss: 0.0016 acc: 1.0000 time0.0227
Epoch 550  loss: 0.0000 acc: 1.0000 Valid  loss: 7.2114  acc: 0.5000  macro_f1: 0.4267  micro_f1: 0.5000
Test  loss: 4.9704 acc: 0.6538 macro f1: 0.6410 macro precision: 0.6422 macro recall: 0.6445 time: 0.0126
Best validation: VALID ACC 0.5416666865348816  MACRO F1 0.43333333333333335 MICRO F1 0.5416666666666666 EPOCH 12
Best test: TEST ACC 0.7307692170143127 TEST F1 0.7141148325358851 TEST PRECISION 0.7302777453611857 TEST RECALL 0.7089610389610389 EPOCH 27
Epoch 551  loss: 0.0012 acc: 1.0000 time0.0260
Epoch 551  loss: 0.0000 acc: 1.0000 Valid  loss: 7.0935  acc: 0.5208  macro_f1: 0.4423  micro_f1: 0.5208
Test  loss: 4.9113 acc: 0.6538 macro f1: 0.6410 macro precision: 0.6422 macro recall: 0.6445 time: 0.0146
Epoch 552  loss: 0.0008 acc: 1.0000 time0.0327
Epoch 552  loss: 0.0000 acc: 1.0000 Valid  loss: 7.0522  acc: 0.5208  macro_f1: 0.4423  micro_f1: 0.5208
Test  loss: 4.9229 acc: 0.6442 macro f1: 0.6247 macro precision: 0.6281 macro recall: 0.6273 time: 0.0179
Epoch 553  loss: 0.0021 acc: 1.0000 time0.0801
Epoch 553  loss: 0.0001 acc: 1.0000 Valid  loss: 6.9457  acc: 0.5417  macro_f1: 0.4576  micro_f1: 0.5417
Test  loss: 4.9883 acc: 0.6442 macro f1: 0.6254 macro precision: 0.6312 macro recall: 0.6273 time: 0.0124
Epoch 554  loss: 0.0005 acc: 1.0000 time0.0247
Epoch 554  loss: 0.0002 acc: 1.0000 Valid  loss: 6.8840  acc: 0.5417  macro_f1: 0.4576  micro_f1: 0.5417
Test  loss: 5.0585 acc: 0.6442 macro f1: 0.6254 macro precision: 0.6312 macro recall: 0.6273 time: 0.0121
Epoch 555  loss: 0.0010 acc: 1.0000 time0.0240
Epoch 555  loss: 0.0002 acc: 1.0000 Valid  loss: 6.8091  acc: 0.5417  macro_f1: 0.4576  micro_f1: 0.5417
Test  loss: 5.0694 acc: 0.6442 macro f1: 0.6254 macro precision: 0.6312 macro recall: 0.6273 time: 0.0130
Epoch 556  loss: 0.0011 acc: 1.0000 time0.0226
Epoch 556  loss: 0.0003 acc: 1.0000 Valid  loss: 6.7251  acc: 0.5417  macro_f1: 0.4576  micro_f1: 0.5417
Test  loss: 5.1203 acc: 0.6442 macro f1: 0.6254 macro precision: 0.6312 macro recall: 0.6273 time: 0.0136
Epoch 557  loss: 0.0013 acc: 1.0000 time0.0243
Epoch 557  loss: 0.0007 acc: 1.0000 Valid  loss: 6.6780  acc: 0.5417  macro_f1: 0.4576  micro_f1: 0.5417
Test  loss: 5.1534 acc: 0.6442 macro f1: 0.6254 macro precision: 0.6332 macro recall: 0.6273 time: 0.0156
Epoch 558  loss: 0.0009 acc: 1.0000 time0.0272
Epoch 558  loss: 0.0008 acc: 1.0000 Valid  loss: 6.6510  acc: 0.5625  macro_f1: 0.4712  micro_f1: 0.5625
Test  loss: 5.1745 acc: 0.6538 macro f1: 0.6343 macro precision: 0.6439 macro recall: 0.6349 time: 0.0141
Epoch 559  loss: 0.0008 acc: 1.0000 time0.0222
Epoch 559  loss: 0.0008 acc: 1.0000 Valid  loss: 6.6833  acc: 0.5625  macro_f1: 0.4712  micro_f1: 0.5625
Test  loss: 5.1799 acc: 0.6538 macro f1: 0.6343 macro precision: 0.6439 macro recall: 0.6349 time: 0.0134
Epoch 560  loss: 0.0012 acc: 1.0000 time0.0236
Epoch 560  loss: 0.0010 acc: 1.0000 Valid  loss: 6.6625  acc: 0.5625  macro_f1: 0.4712  micro_f1: 0.5625
Test  loss: 5.2151 acc: 0.6442 macro f1: 0.6263 macro precision: 0.6353 macro recall: 0.6273 time: 0.0125
Epoch 561  loss: 0.0012 acc: 1.0000 time0.0217
Epoch 561  loss: 0.0011 acc: 1.0000 Valid  loss: 6.6424  acc: 0.5625  macro_f1: 0.4712  micro_f1: 0.5625
Test  loss: 5.2269 acc: 0.6442 macro f1: 0.6263 macro precision: 0.6353 macro recall: 0.6273 time: 0.0125
Epoch 562  loss: 0.0007 acc: 1.0000 time0.0214
Epoch 562  loss: 0.0011 acc: 1.0000 Valid  loss: 6.6422  acc: 0.5625  macro_f1: 0.4712  micro_f1: 0.5625
Test  loss: 5.2256 acc: 0.6442 macro f1: 0.6263 macro precision: 0.6353 macro recall: 0.6273 time: 0.0116
Epoch 563  loss: 0.0068 acc: 0.9948 time0.0239
Epoch 563  loss: 0.0009 acc: 1.0000 Valid  loss: 6.6652  acc: 0.5625  macro_f1: 0.4712  micro_f1: 0.5625
Test  loss: 5.2137 acc: 0.6442 macro f1: 0.6264 macro precision: 0.6375 macro recall: 0.6273 time: 0.0140
Epoch 564  loss: 0.0017 acc: 1.0000 time0.0223
Epoch 564  loss: 0.0006 acc: 1.0000 Valid  loss: 6.6954  acc: 0.5625  macro_f1: 0.4712  micro_f1: 0.5625
Test  loss: 5.2276 acc: 0.6442 macro f1: 0.6264 macro precision: 0.6375 macro recall: 0.6273 time: 0.0123
Epoch 565  loss: 0.0007 acc: 1.0000 time0.0257
Epoch 565  loss: 0.0005 acc: 1.0000 Valid  loss: 6.6940  acc: 0.5625  macro_f1: 0.4712  micro_f1: 0.5625
Test  loss: 5.2269 acc: 0.6346 macro f1: 0.6173 macro precision: 0.6267 macro recall: 0.6197 time: 0.0182
Epoch 566  loss: 0.0011 acc: 1.0000 time0.0383
Epoch 566  loss: 0.0003 acc: 1.0000 Valid  loss: 6.7527  acc: 0.5625  macro_f1: 0.4712  micro_f1: 0.5625
Test  loss: 5.2273 acc: 0.6346 macro f1: 0.6173 macro precision: 0.6267 macro recall: 0.6197 time: 0.0156
Epoch 567  loss: 0.0004 acc: 1.0000 time0.0262
Epoch 567  loss: 0.0002 acc: 1.0000 Valid  loss: 6.8168  acc: 0.5417  macro_f1: 0.4576  micro_f1: 0.5417
Test  loss: 5.2000 acc: 0.6346 macro f1: 0.6173 macro precision: 0.6267 macro recall: 0.6197 time: 0.0134
Epoch 568  loss: 0.0008 acc: 1.0000 time0.0245
Epoch 568  loss: 0.0001 acc: 1.0000 Valid  loss: 6.8877  acc: 0.5417  macro_f1: 0.4576  micro_f1: 0.5417
Test  loss: 5.1904 acc: 0.6442 macro f1: 0.6254 macro precision: 0.6332 macro recall: 0.6273 time: 0.0127
Epoch 569  loss: 0.0030 acc: 1.0000 time0.0243
Epoch 569  loss: 0.0001 acc: 1.0000 Valid  loss: 6.9755  acc: 0.5208  macro_f1: 0.4423  micro_f1: 0.5208
Test  loss: 5.1356 acc: 0.6442 macro f1: 0.6254 macro precision: 0.6332 macro recall: 0.6273 time: 0.0130
Epoch 570  loss: 0.0004 acc: 1.0000 time0.0248
Epoch 570  loss: 0.0001 acc: 1.0000 Valid  loss: 7.0811  acc: 0.5208  macro_f1: 0.4423  micro_f1: 0.5208
Test  loss: 5.1507 acc: 0.6442 macro f1: 0.6254 macro precision: 0.6332 macro recall: 0.6273 time: 0.0137
Epoch 571  loss: 0.0020 acc: 1.0000 time0.0244
Epoch 571  loss: 0.0000 acc: 1.0000 Valid  loss: 7.1273  acc: 0.5208  macro_f1: 0.4423  micro_f1: 0.5208
Test  loss: 5.1425 acc: 0.6442 macro f1: 0.6254 macro precision: 0.6332 macro recall: 0.6273 time: 0.0142
Epoch 572  loss: 0.0007 acc: 1.0000 time0.0251
Epoch 572  loss: 0.0000 acc: 1.0000 Valid  loss: 7.2044  acc: 0.5208  macro_f1: 0.4423  micro_f1: 0.5208
Test  loss: 5.1316 acc: 0.6538 macro f1: 0.6334 macro precision: 0.6398 macro recall: 0.6349 time: 0.0140
Epoch 573  loss: 0.0006 acc: 1.0000 time0.0256
Epoch 573  loss: 0.0000 acc: 1.0000 Valid  loss: 7.2302  acc: 0.5208  macro_f1: 0.4423  micro_f1: 0.5208
Test  loss: 5.1141 acc: 0.6538 macro f1: 0.6334 macro precision: 0.6398 macro recall: 0.6349 time: 0.0162
Epoch 574  loss: 0.0003 acc: 1.0000 time0.0281
Epoch 574  loss: 0.0000 acc: 1.0000 Valid  loss: 7.2930  acc: 0.5208  macro_f1: 0.4423  micro_f1: 0.5208
Test  loss: 5.1015 acc: 0.6538 macro f1: 0.6372 macro precision: 0.6421 macro recall: 0.6387 time: 0.0132
Epoch 575  loss: 0.0011 acc: 1.0000 time0.0236
Epoch 575  loss: 0.0000 acc: 1.0000 Valid  loss: 7.3233  acc: 0.5000  macro_f1: 0.4267  micro_f1: 0.5000
Test  loss: 5.0684 acc: 0.6442 macro f1: 0.6285 macro precision: 0.6330 macro recall: 0.6311 time: 0.0130
Epoch 576  loss: 0.0008 acc: 1.0000 time0.0245
Epoch 576  loss: 0.0000 acc: 1.0000 Valid  loss: 7.3687  acc: 0.5000  macro_f1: 0.4267  micro_f1: 0.5000
Test  loss: 5.1462 acc: 0.6250 macro f1: 0.6115 macro precision: 0.6176 macro recall: 0.6160 time: 0.0159
Epoch 577  loss: 0.0015 acc: 1.0000 time0.0400
Epoch 577  loss: 0.0000 acc: 1.0000 Valid  loss: 7.4326  acc: 0.5000  macro_f1: 0.4267  micro_f1: 0.5000
Test  loss: 5.1325 acc: 0.6250 macro f1: 0.6115 macro precision: 0.6176 macro recall: 0.6160 time: 0.0156
Epoch 578  loss: 0.0015 acc: 1.0000 time0.0282
Epoch 578  loss: 0.0000 acc: 1.0000 Valid  loss: 7.4667  acc: 0.5000  macro_f1: 0.4267  micro_f1: 0.5000
Test  loss: 5.1454 acc: 0.6154 macro f1: 0.6023 macro precision: 0.6081 macro recall: 0.6065 time: 0.0134
Epoch 579  loss: 0.0008 acc: 1.0000 time0.0252
Epoch 579  loss: 0.0000 acc: 1.0000 Valid  loss: 7.4851  acc: 0.5000  macro_f1: 0.4267  micro_f1: 0.5000
Test  loss: 5.1547 acc: 0.6154 macro f1: 0.6023 macro precision: 0.6081 macro recall: 0.6065 time: 0.0174
Epoch 580  loss: 0.0007 acc: 1.0000 time0.0304
Epoch 580  loss: 0.0000 acc: 1.0000 Valid  loss: 7.5380  acc: 0.5000  macro_f1: 0.4267  micro_f1: 0.5000
Test  loss: 5.1592 acc: 0.6154 macro f1: 0.6023 macro precision: 0.6081 macro recall: 0.6065 time: 0.0141
Epoch 581  loss: 0.0010 acc: 1.0000 time0.0269
Epoch 581  loss: 0.0000 acc: 1.0000 Valid  loss: 7.5509  acc: 0.5000  macro_f1: 0.4267  micro_f1: 0.5000
Test  loss: 5.1624 acc: 0.6250 macro f1: 0.6115 macro precision: 0.6176 macro recall: 0.6160 time: 0.0148
Epoch 582  loss: 0.0004 acc: 1.0000 time0.0256
Epoch 582  loss: 0.0000 acc: 1.0000 Valid  loss: 7.5647  acc: 0.5000  macro_f1: 0.4267  micro_f1: 0.5000
Test  loss: 5.1663 acc: 0.6250 macro f1: 0.6115 macro precision: 0.6176 macro recall: 0.6160 time: 0.0138
Epoch 583  loss: 0.0008 acc: 1.0000 time0.0261
Epoch 583  loss: 0.0000 acc: 1.0000 Valid  loss: 7.5789  acc: 0.5000  macro_f1: 0.4267  micro_f1: 0.5000
Test  loss: 5.1678 acc: 0.6250 macro f1: 0.6111 macro precision: 0.6164 macro recall: 0.6140 time: 0.0130
Epoch 584  loss: 0.0005 acc: 1.0000 time0.0244
Epoch 584  loss: 0.0000 acc: 1.0000 Valid  loss: 7.5957  acc: 0.5000  macro_f1: 0.4267  micro_f1: 0.5000
Test  loss: 5.1565 acc: 0.6346 macro f1: 0.6233 macro precision: 0.6272 macro recall: 0.6274 time: 0.0129
Epoch 585  loss: 0.0004 acc: 1.0000 time0.0242
Epoch 585  loss: 0.0000 acc: 1.0000 Valid  loss: 7.6064  acc: 0.5000  macro_f1: 0.4267  micro_f1: 0.5000
Test  loss: 5.1582 acc: 0.6346 macro f1: 0.6233 macro precision: 0.6272 macro recall: 0.6274 time: 0.0131
Epoch 586  loss: 0.0014 acc: 1.0000 time0.0254
Epoch 586  loss: 0.0000 acc: 1.0000 Valid  loss: 7.6044  acc: 0.5000  macro_f1: 0.4267  micro_f1: 0.5000
Test  loss: 5.1654 acc: 0.6346 macro f1: 0.6233 macro precision: 0.6272 macro recall: 0.6274 time: 0.0131
Epoch 587  loss: 0.0005 acc: 1.0000 time0.0229
Epoch 587  loss: 0.0000 acc: 1.0000 Valid  loss: 7.5991  acc: 0.5000  macro_f1: 0.4267  micro_f1: 0.5000
Test  loss: 5.1664 acc: 0.6442 macro f1: 0.6328 macro precision: 0.6372 macro recall: 0.6369 time: 0.0130
Epoch 588  loss: 0.0009 acc: 1.0000 time0.0263
Epoch 588  loss: 0.0000 acc: 1.0000 Valid  loss: 7.5891  acc: 0.5000  macro_f1: 0.4267  micro_f1: 0.5000
Test  loss: 5.1676 acc: 0.6442 macro f1: 0.6328 macro precision: 0.6372 macro recall: 0.6369 time: 0.0129
Epoch 589  loss: 0.0003 acc: 1.0000 time0.0243
Epoch 589  loss: 0.0000 acc: 1.0000 Valid  loss: 7.5741  acc: 0.5000  macro_f1: 0.4267  micro_f1: 0.5000
Test  loss: 5.2186 acc: 0.6442 macro f1: 0.6328 macro precision: 0.6372 macro recall: 0.6369 time: 0.0126
Epoch 590  loss: 0.0010 acc: 1.0000 time0.0274
Epoch 590  loss: 0.0000 acc: 1.0000 Valid  loss: 7.5514  acc: 0.5000  macro_f1: 0.4267  micro_f1: 0.5000
Test  loss: 5.2112 acc: 0.6346 macro f1: 0.6233 macro precision: 0.6272 macro recall: 0.6274 time: 0.0128
Epoch 591  loss: 0.0008 acc: 1.0000 time0.0239
Epoch 591  loss: 0.0000 acc: 1.0000 Valid  loss: 7.5426  acc: 0.5000  macro_f1: 0.4267  micro_f1: 0.5000
Test  loss: 5.2150 acc: 0.6442 macro f1: 0.6315 macro precision: 0.6341 macro recall: 0.6349 time: 0.0131
Epoch 592  loss: 0.0005 acc: 1.0000 time0.0236
Epoch 592  loss: 0.0000 acc: 1.0000 Valid  loss: 7.5246  acc: 0.5000  macro_f1: 0.4267  micro_f1: 0.5000
Test  loss: 5.2287 acc: 0.6538 macro f1: 0.6410 macro precision: 0.6440 macro recall: 0.6445 time: 0.0131
Epoch 593  loss: 0.0005 acc: 1.0000 time0.0241
Epoch 593  loss: 0.0000 acc: 1.0000 Valid  loss: 7.5119  acc: 0.5208  macro_f1: 0.4423  micro_f1: 0.5208
Test  loss: 5.1901 acc: 0.6442 macro f1: 0.6315 macro precision: 0.6341 macro recall: 0.6349 time: 0.0130
Epoch 594  loss: 0.0004 acc: 1.0000 time0.0236
Epoch 594  loss: 0.0000 acc: 1.0000 Valid  loss: 7.5129  acc: 0.5208  macro_f1: 0.4423  micro_f1: 0.5208
Test  loss: 5.1854 acc: 0.6442 macro f1: 0.6315 macro precision: 0.6341 macro recall: 0.6349 time: 0.0133
Epoch 595  loss: 0.0015 acc: 1.0000 time0.0262
Epoch 595  loss: 0.0000 acc: 1.0000 Valid  loss: 7.5018  acc: 0.5208  macro_f1: 0.4423  micro_f1: 0.5208
Test  loss: 5.1849 acc: 0.6442 macro f1: 0.6315 macro precision: 0.6341 macro recall: 0.6349 time: 0.0127
Epoch 596  loss: 0.0007 acc: 1.0000 time0.0243
Epoch 596  loss: 0.0000 acc: 1.0000 Valid  loss: 7.5212  acc: 0.5208  macro_f1: 0.4423  micro_f1: 0.5208
Test  loss: 5.1798 acc: 0.6346 macro f1: 0.6191 macro precision: 0.6230 macro recall: 0.6216 time: 0.0128
Epoch 597  loss: 0.0003 acc: 1.0000 time0.0227
Epoch 597  loss: 0.0000 acc: 1.0000 Valid  loss: 7.4714  acc: 0.5208  macro_f1: 0.4423  micro_f1: 0.5208
Test  loss: 5.1754 acc: 0.6538 macro f1: 0.6372 macro precision: 0.6421 macro recall: 0.6387 time: 0.0119
Epoch 598  loss: 0.0004 acc: 1.0000 time0.0226
Epoch 598  loss: 0.0000 acc: 1.0000 Valid  loss: 7.4684  acc: 0.5208  macro_f1: 0.4423  micro_f1: 0.5208
Test  loss: 5.1661 acc: 0.6538 macro f1: 0.6372 macro precision: 0.6421 macro recall: 0.6387 time: 0.0125
Epoch 599  loss: 0.0012 acc: 1.0000 time0.0223
Epoch 599  loss: 0.0000 acc: 1.0000 Valid  loss: 7.4477  acc: 0.5208  macro_f1: 0.4423  micro_f1: 0.5208
Test  loss: 5.2073 acc: 0.6538 macro f1: 0.6372 macro precision: 0.6421 macro recall: 0.6387 time: 0.0130
Epoch 600  loss: 0.0035 acc: 1.0000 time0.0235
Epoch 600  loss: 0.0000 acc: 1.0000 Valid  loss: 7.4952  acc: 0.5208  macro_f1: 0.4423  micro_f1: 0.5208
Test  loss: 5.1798 acc: 0.6442 macro f1: 0.6278 macro precision: 0.6316 macro recall: 0.6292 time: 0.0126
Best validation: VALID ACC 0.5416666865348816  MACRO F1 0.43333333333333335 MICRO F1 0.5416666666666666 EPOCH 12
Best test: TEST ACC 0.7307692170143127 TEST F1 0.7141148325358851 TEST PRECISION 0.7302777453611857 TEST RECALL 0.7089610389610389 EPOCH 27
Epoch 601  loss: 0.0007 acc: 1.0000 time0.0231
Epoch 601  loss: 0.0000 acc: 1.0000 Valid  loss: 7.5220  acc: 0.5208  macro_f1: 0.4423  micro_f1: 0.5208
Test  loss: 5.2052 acc: 0.6442 macro f1: 0.6315 macro precision: 0.6341 macro recall: 0.6349 time: 0.0129
Epoch 602  loss: 0.0005 acc: 1.0000 time0.0241
Epoch 602  loss: 0.0000 acc: 1.0000 Valid  loss: 7.5461  acc: 0.5208  macro_f1: 0.4423  micro_f1: 0.5208
Test  loss: 5.2148 acc: 0.6442 macro f1: 0.6315 macro precision: 0.6341 macro recall: 0.6349 time: 0.0131
Epoch 603  loss: 0.0007 acc: 1.0000 time0.0223
Epoch 603  loss: 0.0000 acc: 1.0000 Valid  loss: 7.5675  acc: 0.5208  macro_f1: 0.4423  micro_f1: 0.5208
Test  loss: 5.2658 acc: 0.6442 macro f1: 0.6315 macro precision: 0.6341 macro recall: 0.6349 time: 0.0120
Epoch 604  loss: 0.0015 acc: 1.0000 time0.0219
Epoch 604  loss: 0.0000 acc: 1.0000 Valid  loss: 7.6025  acc: 0.5000  macro_f1: 0.4267  micro_f1: 0.5000
Test  loss: 5.2549 acc: 0.6442 macro f1: 0.6315 macro precision: 0.6341 macro recall: 0.6349 time: 0.0123
Epoch 605  loss: 0.0010 acc: 1.0000 time0.0222
Epoch 605  loss: 0.0000 acc: 1.0000 Valid  loss: 7.5887  acc: 0.5000  macro_f1: 0.4267  micro_f1: 0.5000
Test  loss: 5.2533 acc: 0.6442 macro f1: 0.6315 macro precision: 0.6341 macro recall: 0.6349 time: 0.0117
Epoch 606  loss: 0.0008 acc: 1.0000 time0.0212
Epoch 606  loss: 0.0000 acc: 1.0000 Valid  loss: 7.6133  acc: 0.5000  macro_f1: 0.4267  micro_f1: 0.5000
Test  loss: 5.2547 acc: 0.6538 macro f1: 0.6410 macro precision: 0.6440 macro recall: 0.6445 time: 0.0124
Epoch 607  loss: 0.0006 acc: 1.0000 time0.0215
Epoch 607  loss: 0.0000 acc: 1.0000 Valid  loss: 7.6100  acc: 0.5000  macro_f1: 0.4267  micro_f1: 0.5000
Test  loss: 5.2560 acc: 0.6538 macro f1: 0.6410 macro precision: 0.6440 macro recall: 0.6445 time: 0.0120
Epoch 608  loss: 0.0008 acc: 1.0000 time0.0226
Epoch 608  loss: 0.0000 acc: 1.0000 Valid  loss: 7.6202  acc: 0.5000  macro_f1: 0.4267  micro_f1: 0.5000
Test  loss: 5.2617 acc: 0.6538 macro f1: 0.6410 macro precision: 0.6440 macro recall: 0.6445 time: 0.0120
Epoch 609  loss: 0.0004 acc: 1.0000 time0.0224
Epoch 609  loss: 0.0000 acc: 1.0000 Valid  loss: 7.6398  acc: 0.5000  macro_f1: 0.4267  micro_f1: 0.5000
Test  loss: 5.2766 acc: 0.6538 macro f1: 0.6410 macro precision: 0.6440 macro recall: 0.6445 time: 0.0117
Epoch 610  loss: 0.0005 acc: 1.0000 time0.0220
Epoch 610  loss: 0.0000 acc: 1.0000 Valid  loss: 7.6637  acc: 0.5000  macro_f1: 0.4267  micro_f1: 0.5000
Test  loss: 5.2892 acc: 0.6538 macro f1: 0.6410 macro precision: 0.6440 macro recall: 0.6445 time: 0.0126
Epoch 611  loss: 0.0011 acc: 1.0000 time0.0244
Epoch 611  loss: 0.0000 acc: 1.0000 Valid  loss: 7.6706  acc: 0.5000  macro_f1: 0.4267  micro_f1: 0.5000
Test  loss: 5.2936 acc: 0.6538 macro f1: 0.6410 macro precision: 0.6440 macro recall: 0.6445 time: 0.0145
Epoch 612  loss: 0.0009 acc: 1.0000 time0.0288
Epoch 612  loss: 0.0000 acc: 1.0000 Valid  loss: 7.6676  acc: 0.5208  macro_f1: 0.4423  micro_f1: 0.5208
Test  loss: 5.3094 acc: 0.6442 macro f1: 0.6328 macro precision: 0.6372 macro recall: 0.6369 time: 0.0146
Epoch 613  loss: 0.0003 acc: 1.0000 time0.0270
Epoch 613  loss: 0.0000 acc: 1.0000 Valid  loss: 7.6700  acc: 0.5208  macro_f1: 0.4423  micro_f1: 0.5208
Test  loss: 5.3253 acc: 0.6346 macro f1: 0.6233 macro precision: 0.6272 macro recall: 0.6274 time: 0.0142
Epoch 614  loss: 0.0008 acc: 1.0000 time0.0251
Epoch 614  loss: 0.0000 acc: 1.0000 Valid  loss: 7.6847  acc: 0.5208  macro_f1: 0.4423  micro_f1: 0.5208
Test  loss: 5.3298 acc: 0.6346 macro f1: 0.6233 macro precision: 0.6272 macro recall: 0.6274 time: 0.0145
Epoch 615  loss: 0.0003 acc: 1.0000 time0.0246
Epoch 615  loss: 0.0000 acc: 1.0000 Valid  loss: 7.6673  acc: 0.5208  macro_f1: 0.4423  micro_f1: 0.5208
Test  loss: 5.3343 acc: 0.6346 macro f1: 0.6233 macro precision: 0.6272 macro recall: 0.6274 time: 0.0134
Epoch 616  loss: 0.0004 acc: 1.0000 time0.0256
Epoch 616  loss: 0.0000 acc: 1.0000 Valid  loss: 7.6650  acc: 0.5208  macro_f1: 0.4423  micro_f1: 0.5208
Test  loss: 5.3385 acc: 0.6346 macro f1: 0.6233 macro precision: 0.6272 macro recall: 0.6274 time: 0.0137
Epoch 617  loss: 0.0028 acc: 1.0000 time0.0229
Epoch 617  loss: 0.0000 acc: 1.0000 Valid  loss: 7.6779  acc: 0.5208  macro_f1: 0.4423  micro_f1: 0.5208
Test  loss: 5.3294 acc: 0.6346 macro f1: 0.6233 macro precision: 0.6272 macro recall: 0.6274 time: 0.0124
Epoch 618  loss: 0.0010 acc: 1.0000 time0.0225
Epoch 618  loss: 0.0000 acc: 1.0000 Valid  loss: 7.6802  acc: 0.5208  macro_f1: 0.4423  micro_f1: 0.5208
Test  loss: 5.3336 acc: 0.6346 macro f1: 0.6203 macro precision: 0.6264 macro recall: 0.6235 time: 0.0120
Epoch 619  loss: 0.0007 acc: 1.0000 time0.0226
Epoch 619  loss: 0.0000 acc: 1.0000 Valid  loss: 7.7565  acc: 0.5208  macro_f1: 0.4423  micro_f1: 0.5208
Test  loss: 5.3120 acc: 0.6346 macro f1: 0.6203 macro precision: 0.6264 macro recall: 0.6235 time: 0.0129
Epoch 620  loss: 0.0008 acc: 1.0000 time0.0217
Epoch 620  loss: 0.0000 acc: 1.0000 Valid  loss: 7.7660  acc: 0.5208  macro_f1: 0.4423  micro_f1: 0.5208
Test  loss: 5.3215 acc: 0.6346 macro f1: 0.6203 macro precision: 0.6264 macro recall: 0.6235 time: 0.0121
Epoch 621  loss: 0.0008 acc: 1.0000 time0.0221
Epoch 621  loss: 0.0000 acc: 1.0000 Valid  loss: 7.7798  acc: 0.5208  macro_f1: 0.4423  micro_f1: 0.5208
Test  loss: 5.3292 acc: 0.6346 macro f1: 0.6203 macro precision: 0.6264 macro recall: 0.6235 time: 0.0120
Epoch 622  loss: 0.0005 acc: 1.0000 time0.0343
Epoch 622  loss: 0.0000 acc: 1.0000 Valid  loss: 7.7861  acc: 0.5208  macro_f1: 0.4423  micro_f1: 0.5208
Test  loss: 5.3362 acc: 0.6346 macro f1: 0.6203 macro precision: 0.6264 macro recall: 0.6235 time: 0.0134
Epoch 623  loss: 0.0004 acc: 1.0000 time0.0253
Epoch 623  loss: 0.0000 acc: 1.0000 Valid  loss: 7.7291  acc: 0.5208  macro_f1: 0.4423  micro_f1: 0.5208
Test  loss: 5.3414 acc: 0.6346 macro f1: 0.6203 macro precision: 0.6264 macro recall: 0.6235 time: 0.0140
Epoch 624  loss: 0.0006 acc: 1.0000 time0.0253
Epoch 624  loss: 0.0000 acc: 1.0000 Valid  loss: 7.7455  acc: 0.5208  macro_f1: 0.4423  micro_f1: 0.5208
Test  loss: 5.3504 acc: 0.6250 macro f1: 0.6115 macro precision: 0.6176 macro recall: 0.6160 time: 0.0143
Epoch 625  loss: 0.0004 acc: 1.0000 time0.0229
Epoch 625  loss: 0.0000 acc: 1.0000 Valid  loss: 7.7568  acc: 0.5208  macro_f1: 0.4423  micro_f1: 0.5208
Test  loss: 5.3580 acc: 0.6250 macro f1: 0.6115 macro precision: 0.6176 macro recall: 0.6160 time: 0.0127
Epoch 626  loss: 0.0005 acc: 1.0000 time0.0220
Epoch 626  loss: 0.0000 acc: 1.0000 Valid  loss: 7.7666  acc: 0.5208  macro_f1: 0.4423  micro_f1: 0.5208
Test  loss: 5.3629 acc: 0.6250 macro f1: 0.6115 macro precision: 0.6176 macro recall: 0.6160 time: 0.0121
Epoch 627  loss: 0.0043 acc: 0.9948 time0.0214
Epoch 627  loss: 0.0000 acc: 1.0000 Valid  loss: 7.7693  acc: 0.5208  macro_f1: 0.4423  micro_f1: 0.5208
Test  loss: 5.3676 acc: 0.6250 macro f1: 0.6115 macro precision: 0.6176 macro recall: 0.6160 time: 0.0123
Epoch 628  loss: 0.0007 acc: 1.0000 time0.0234
Epoch 628  loss: 0.0000 acc: 1.0000 Valid  loss: 7.7688  acc: 0.5208  macro_f1: 0.4423  micro_f1: 0.5208
Test  loss: 5.3720 acc: 0.6154 macro f1: 0.6031 macro precision: 0.6110 macro recall: 0.6084 time: 0.0125
Epoch 629  loss: 0.0009 acc: 1.0000 time0.0228
Epoch 629  loss: 0.0000 acc: 1.0000 Valid  loss: 7.7549  acc: 0.5208  macro_f1: 0.4423  micro_f1: 0.5208
Test  loss: 5.3779 acc: 0.6154 macro f1: 0.6031 macro precision: 0.6110 macro recall: 0.6084 time: 0.0136
Epoch 630  loss: 0.0007 acc: 1.0000 time0.0235
Epoch 630  loss: 0.0000 acc: 1.0000 Valid  loss: 7.7539  acc: 0.5208  macro_f1: 0.4423  micro_f1: 0.5208
Test  loss: 5.4067 acc: 0.6154 macro f1: 0.6031 macro precision: 0.6110 macro recall: 0.6084 time: 0.0124
Epoch 631  loss: 0.0009 acc: 1.0000 time0.0296
Epoch 631  loss: 0.0000 acc: 1.0000 Valid  loss: 7.6981  acc: 0.5000  macro_f1: 0.4267  micro_f1: 0.5000
Test  loss: 5.4134 acc: 0.6154 macro f1: 0.6031 macro precision: 0.6110 macro recall: 0.6084 time: 0.0153
Epoch 632  loss: 0.0004 acc: 1.0000 time0.0282
Epoch 632  loss: 0.0000 acc: 1.0000 Valid  loss: 7.6859  acc: 0.5000  macro_f1: 0.4267  micro_f1: 0.5000
Test  loss: 5.4142 acc: 0.6250 macro f1: 0.6122 macro precision: 0.6199 macro recall: 0.6160 time: 0.0138
Epoch 633  loss: 0.0006 acc: 1.0000 time0.0262
Epoch 633  loss: 0.0000 acc: 1.0000 Valid  loss: 7.6724  acc: 0.5000  macro_f1: 0.4267  micro_f1: 0.5000
Test  loss: 5.4232 acc: 0.6250 macro f1: 0.6122 macro precision: 0.6199 macro recall: 0.6160 time: 0.0137
Epoch 634  loss: 0.0003 acc: 1.0000 time0.0245
Epoch 634  loss: 0.0000 acc: 1.0000 Valid  loss: 7.6446  acc: 0.5208  macro_f1: 0.4423  micro_f1: 0.5208
Test  loss: 5.4194 acc: 0.6346 macro f1: 0.6203 macro precision: 0.6264 macro recall: 0.6235 time: 0.0129
Epoch 635  loss: 0.0014 acc: 1.0000 time0.0225
Epoch 635  loss: 0.0000 acc: 1.0000 Valid  loss: 7.6118  acc: 0.5208  macro_f1: 0.4423  micro_f1: 0.5208
Test  loss: 5.4274 acc: 0.6346 macro f1: 0.6203 macro precision: 0.6264 macro recall: 0.6235 time: 0.0128
Epoch 636  loss: 0.0003 acc: 1.0000 time0.0224
Epoch 636  loss: 0.0000 acc: 1.0000 Valid  loss: 7.5933  acc: 0.5208  macro_f1: 0.4423  micro_f1: 0.5208
Test  loss: 5.4206 acc: 0.6346 macro f1: 0.6203 macro precision: 0.6264 macro recall: 0.6235 time: 0.0125
Epoch 637  loss: 0.0003 acc: 1.0000 time0.0220
Epoch 637  loss: 0.0000 acc: 1.0000 Valid  loss: 7.5796  acc: 0.5208  macro_f1: 0.4423  micro_f1: 0.5208
Test  loss: 5.4786 acc: 0.6250 macro f1: 0.6122 macro precision: 0.6199 macro recall: 0.6160 time: 0.0123
Epoch 638  loss: 0.0003 acc: 1.0000 time0.0223
Epoch 638  loss: 0.0000 acc: 1.0000 Valid  loss: 7.5786  acc: 0.5208  macro_f1: 0.4423  micro_f1: 0.5208
Test  loss: 5.4838 acc: 0.6154 macro f1: 0.6029 macro precision: 0.6099 macro recall: 0.6065 time: 0.0125
Epoch 639  loss: 0.0008 acc: 1.0000 time0.0225
Epoch 639  loss: 0.0000 acc: 1.0000 Valid  loss: 7.5867  acc: 0.5208  macro_f1: 0.4423  micro_f1: 0.5208
Test  loss: 5.4674 acc: 0.6154 macro f1: 0.6029 macro precision: 0.6099 macro recall: 0.6065 time: 0.0128
Epoch 640  loss: 0.0006 acc: 1.0000 time0.0212
Epoch 640  loss: 0.0000 acc: 1.0000 Valid  loss: 7.5913  acc: 0.5208  macro_f1: 0.4423  micro_f1: 0.5208
Test  loss: 5.4773 acc: 0.6154 macro f1: 0.6029 macro precision: 0.6099 macro recall: 0.6065 time: 0.0124
Epoch 641  loss: 0.0002 acc: 1.0000 time0.0226
Epoch 641  loss: 0.0000 acc: 1.0000 Valid  loss: 7.5933  acc: 0.5208  macro_f1: 0.4423  micro_f1: 0.5208
Test  loss: 5.4787 acc: 0.6154 macro f1: 0.6029 macro precision: 0.6099 macro recall: 0.6065 time: 0.0125
Epoch 642  loss: 0.0004 acc: 1.0000 time0.0219
Epoch 642  loss: 0.0000 acc: 1.0000 Valid  loss: 7.6743  acc: 0.5208  macro_f1: 0.4423  micro_f1: 0.5208
Test  loss: 5.4868 acc: 0.6154 macro f1: 0.6029 macro precision: 0.6099 macro recall: 0.6065 time: 0.0119
Epoch 643  loss: 0.0004 acc: 1.0000 time0.0211
Epoch 643  loss: 0.0000 acc: 1.0000 Valid  loss: 7.6777  acc: 0.5208  macro_f1: 0.4423  micro_f1: 0.5208
Test  loss: 5.4865 acc: 0.6154 macro f1: 0.6029 macro precision: 0.6099 macro recall: 0.6065 time: 0.0123
Epoch 644  loss: 0.0006 acc: 1.0000 time0.0234
Epoch 644  loss: 0.0000 acc: 1.0000 Valid  loss: 7.6932  acc: 0.5208  macro_f1: 0.4423  micro_f1: 0.5208
Test  loss: 5.5017 acc: 0.6154 macro f1: 0.6029 macro precision: 0.6099 macro recall: 0.6065 time: 0.0127
Epoch 645  loss: 0.0004 acc: 1.0000 time0.0217
Epoch 645  loss: 0.0000 acc: 1.0000 Valid  loss: 7.7008  acc: 0.5208  macro_f1: 0.4423  micro_f1: 0.5208
Test  loss: 5.4393 acc: 0.6250 macro f1: 0.6111 macro precision: 0.6164 macro recall: 0.6140 time: 0.0119
Epoch 646  loss: 0.0004 acc: 1.0000 time0.0217
Epoch 646  loss: 0.0000 acc: 1.0000 Valid  loss: 7.7115  acc: 0.5208  macro_f1: 0.4423  micro_f1: 0.5208
Test  loss: 5.4608 acc: 0.6250 macro f1: 0.6111 macro precision: 0.6164 macro recall: 0.6140 time: 0.0124
Epoch 647  loss: 0.0012 acc: 1.0000 time0.0230
Epoch 647  loss: 0.0000 acc: 1.0000 Valid  loss: 7.7479  acc: 0.5208  macro_f1: 0.4423  micro_f1: 0.5208
Test  loss: 5.4752 acc: 0.6250 macro f1: 0.6111 macro precision: 0.6164 macro recall: 0.6140 time: 0.0121
Epoch 648  loss: 0.0004 acc: 1.0000 time0.0217
Epoch 648  loss: 0.0000 acc: 1.0000 Valid  loss: 7.8198  acc: 0.5208  macro_f1: 0.4423  micro_f1: 0.5208
Test  loss: 5.4552 acc: 0.6250 macro f1: 0.6111 macro precision: 0.6164 macro recall: 0.6140 time: 0.0117
Epoch 649  loss: 0.0020 acc: 1.0000 time0.0208
Epoch 649  loss: 0.0000 acc: 1.0000 Valid  loss: 7.8581  acc: 0.5208  macro_f1: 0.4423  micro_f1: 0.5208
Test  loss: 5.4547 acc: 0.6442 macro f1: 0.6285 macro precision: 0.6330 macro recall: 0.6311 time: 0.0119
Epoch 650  loss: 0.0003 acc: 1.0000 time0.0219
Epoch 650  loss: 0.0000 acc: 1.0000 Valid  loss: 7.8518  acc: 0.5208  macro_f1: 0.4423  micro_f1: 0.5208
Test  loss: 5.4194 acc: 0.6442 macro f1: 0.6328 macro precision: 0.6372 macro recall: 0.6369 time: 0.0117
Best validation: VALID ACC 0.5416666865348816  MACRO F1 0.43333333333333335 MICRO F1 0.5416666666666666 EPOCH 12
Best test: TEST ACC 0.7307692170143127 TEST F1 0.7141148325358851 TEST PRECISION 0.7302777453611857 TEST RECALL 0.7089610389610389 EPOCH 27
Epoch 651  loss: 0.0007 acc: 1.0000 time0.0230
Epoch 651  loss: 0.0000 acc: 1.0000 Valid  loss: 7.8800  acc: 0.5208  macro_f1: 0.4423  micro_f1: 0.5208
Test  loss: 5.4387 acc: 0.6442 macro f1: 0.6328 macro precision: 0.6372 macro recall: 0.6369 time: 0.0118
Epoch 652  loss: 0.0003 acc: 1.0000 time0.0207
Epoch 652  loss: 0.0000 acc: 1.0000 Valid  loss: 7.8996  acc: 0.5208  macro_f1: 0.4423  micro_f1: 0.5208
Test  loss: 5.4489 acc: 0.6442 macro f1: 0.6328 macro precision: 0.6372 macro recall: 0.6369 time: 0.0123
Epoch 653  loss: 0.0002 acc: 1.0000 time0.0220
Epoch 653  loss: 0.0000 acc: 1.0000 Valid  loss: 7.9345  acc: 0.5208  macro_f1: 0.4423  micro_f1: 0.5208
Test  loss: 5.4923 acc: 0.6442 macro f1: 0.6328 macro precision: 0.6372 macro recall: 0.6369 time: 0.0123
Epoch 654  loss: 0.0005 acc: 1.0000 time0.0220
Epoch 654  loss: 0.0000 acc: 1.0000 Valid  loss: 7.9387  acc: 0.5000  macro_f1: 0.4267  micro_f1: 0.5000
Test  loss: 5.5273 acc: 0.6442 macro f1: 0.6328 macro precision: 0.6372 macro recall: 0.6369 time: 0.0122
Epoch 655  loss: 0.0006 acc: 1.0000 time0.0220
Epoch 655  loss: 0.0000 acc: 1.0000 Valid  loss: 7.9489  acc: 0.5000  macro_f1: 0.4267  micro_f1: 0.5000
Test  loss: 5.5377 acc: 0.6442 macro f1: 0.6328 macro precision: 0.6372 macro recall: 0.6369 time: 0.0122
Epoch 656  loss: 0.0002 acc: 1.0000 time0.0229
Epoch 656  loss: 0.0000 acc: 1.0000 Valid  loss: 7.9829  acc: 0.5000  macro_f1: 0.4267  micro_f1: 0.5000
Test  loss: 5.5418 acc: 0.6442 macro f1: 0.6328 macro precision: 0.6372 macro recall: 0.6369 time: 0.0125
Epoch 657  loss: 0.0028 acc: 1.0000 time0.0222
Epoch 657  loss: 0.0000 acc: 1.0000 Valid  loss: 7.9961  acc: 0.5000  macro_f1: 0.4267  micro_f1: 0.5000
Test  loss: 5.5857 acc: 0.6346 macro f1: 0.6238 macro precision: 0.6284 macro recall: 0.6293 time: 0.0118
Epoch 658  loss: 0.0004 acc: 1.0000 time0.0219
Epoch 658  loss: 0.0000 acc: 1.0000 Valid  loss: 8.0424  acc: 0.5000  macro_f1: 0.4267  micro_f1: 0.5000
Test  loss: 5.5389 acc: 0.6442 macro f1: 0.6321 macro precision: 0.6354 macro recall: 0.6369 time: 0.0123
Epoch 659  loss: 0.0013 acc: 1.0000 time0.0221
Epoch 659  loss: 0.0000 acc: 1.0000 Valid  loss: 8.0149  acc: 0.5000  macro_f1: 0.4267  micro_f1: 0.5000
Test  loss: 5.5525 acc: 0.6346 macro f1: 0.6238 macro precision: 0.6284 macro recall: 0.6293 time: 0.0122
Epoch 660  loss: 0.0003 acc: 1.0000 time0.0221
Epoch 660  loss: 0.0000 acc: 1.0000 Valid  loss: 8.0072  acc: 0.5000  macro_f1: 0.4267  micro_f1: 0.5000
Test  loss: 5.5673 acc: 0.6346 macro f1: 0.6238 macro precision: 0.6284 macro recall: 0.6293 time: 0.0118
Epoch 661  loss: 0.0015 acc: 1.0000 time0.0218
Epoch 661  loss: 0.0000 acc: 1.0000 Valid  loss: 7.9974  acc: 0.5208  macro_f1: 0.4423  micro_f1: 0.5208
Test  loss: 5.5149 acc: 0.6346 macro f1: 0.6238 macro precision: 0.6284 macro recall: 0.6293 time: 0.0120
Epoch 662  loss: 0.0007 acc: 1.0000 time0.0226
Epoch 662  loss: 0.0000 acc: 1.0000 Valid  loss: 7.9896  acc: 0.5208  macro_f1: 0.4423  micro_f1: 0.5208
Test  loss: 5.5177 acc: 0.6346 macro f1: 0.6238 macro precision: 0.6284 macro recall: 0.6293 time: 0.0132
Epoch 663  loss: 0.0006 acc: 1.0000 time0.0234
Epoch 663  loss: 0.0000 acc: 1.0000 Valid  loss: 7.9920  acc: 0.5208  macro_f1: 0.4423  micro_f1: 0.5208
Test  loss: 5.5431 acc: 0.6346 macro f1: 0.6238 macro precision: 0.6284 macro recall: 0.6293 time: 0.0118
Epoch 664  loss: 0.0006 acc: 1.0000 time0.0223
Epoch 664  loss: 0.0000 acc: 1.0000 Valid  loss: 8.0504  acc: 0.5208  macro_f1: 0.4423  micro_f1: 0.5208
Test  loss: 5.5599 acc: 0.6250 macro f1: 0.6115 macro precision: 0.6176 macro recall: 0.6160 time: 0.0118
Epoch 665  loss: 0.0002 acc: 1.0000 time0.0212
Epoch 665  loss: 0.0000 acc: 1.0000 Valid  loss: 8.0367  acc: 0.5208  macro_f1: 0.4423  micro_f1: 0.5208
Test  loss: 5.5659 acc: 0.6250 macro f1: 0.6115 macro precision: 0.6176 macro recall: 0.6160 time: 0.0118
Epoch 666  loss: 0.0003 acc: 1.0000 time0.0222
Epoch 666  loss: 0.0000 acc: 1.0000 Valid  loss: 7.9773  acc: 0.5000  macro_f1: 0.4267  micro_f1: 0.5000
Test  loss: 5.5558 acc: 0.6250 macro f1: 0.6115 macro precision: 0.6176 macro recall: 0.6160 time: 0.0118
Epoch 667  loss: 0.0004 acc: 1.0000 time0.0216
Epoch 667  loss: 0.0000 acc: 1.0000 Valid  loss: 7.9626  acc: 0.5000  macro_f1: 0.4267  micro_f1: 0.5000
Test  loss: 5.6034 acc: 0.6154 macro f1: 0.6031 macro precision: 0.6110 macro recall: 0.6084 time: 0.0123
Epoch 668  loss: 0.0003 acc: 1.0000 time0.0216
Epoch 668  loss: 0.0000 acc: 1.0000 Valid  loss: 7.9389  acc: 0.5000  macro_f1: 0.4267  micro_f1: 0.5000
Test  loss: 5.5913 acc: 0.6154 macro f1: 0.6023 macro precision: 0.6081 macro recall: 0.6065 time: 0.0129
Epoch 669  loss: 0.0011 acc: 1.0000 time0.0262
Epoch 669  loss: 0.0000 acc: 1.0000 Valid  loss: 7.9425  acc: 0.5000  macro_f1: 0.4267  micro_f1: 0.5000
Test  loss: 5.5968 acc: 0.6154 macro f1: 0.6023 macro precision: 0.6081 macro recall: 0.6065 time: 0.0129
Epoch 670  loss: 0.0027 acc: 1.0000 time0.0257
Epoch 670  loss: 0.0000 acc: 1.0000 Valid  loss: 7.9112  acc: 0.5000  macro_f1: 0.4267  micro_f1: 0.5000
Test  loss: 5.6068 acc: 0.6154 macro f1: 0.6023 macro precision: 0.6081 macro recall: 0.6065 time: 0.0129
Epoch 671  loss: 0.0004 acc: 1.0000 time0.0221
Epoch 671  loss: 0.0000 acc: 1.0000 Valid  loss: 7.9234  acc: 0.5000  macro_f1: 0.4267  micro_f1: 0.5000
Test  loss: 5.6160 acc: 0.6250 macro f1: 0.6115 macro precision: 0.6176 macro recall: 0.6160 time: 0.0121
Epoch 672  loss: 0.0002 acc: 1.0000 time0.0207
Epoch 672  loss: 0.0000 acc: 1.0000 Valid  loss: 7.9502  acc: 0.5000  macro_f1: 0.4267  micro_f1: 0.5000
Test  loss: 5.6524 acc: 0.6154 macro f1: 0.6031 macro precision: 0.6110 macro recall: 0.6084 time: 0.0122
Epoch 673  loss: 0.0005 acc: 1.0000 time0.0211
Epoch 673  loss: 0.0000 acc: 1.0000 Valid  loss: 7.9539  acc: 0.5000  macro_f1: 0.4267  micro_f1: 0.5000
Test  loss: 5.6433 acc: 0.6154 macro f1: 0.6031 macro precision: 0.6110 macro recall: 0.6084 time: 0.0123
Epoch 674  loss: 0.0002 acc: 1.0000 time0.0232
Epoch 674  loss: 0.0000 acc: 1.0000 Valid  loss: 7.9740  acc: 0.5000  macro_f1: 0.4267  micro_f1: 0.5000
Test  loss: 5.6657 acc: 0.6154 macro f1: 0.6031 macro precision: 0.6110 macro recall: 0.6084 time: 0.0135
Epoch 675  loss: 0.0005 acc: 1.0000 time0.0239
Epoch 675  loss: 0.0000 acc: 1.0000 Valid  loss: 7.9860  acc: 0.5000  macro_f1: 0.4267  micro_f1: 0.5000
Test  loss: 5.6738 acc: 0.6154 macro f1: 0.6031 macro precision: 0.6110 macro recall: 0.6084 time: 0.0129
Epoch 676  loss: 0.0005 acc: 1.0000 time0.0216
Epoch 676  loss: 0.0000 acc: 1.0000 Valid  loss: 7.9933  acc: 0.5000  macro_f1: 0.4267  micro_f1: 0.5000
Test  loss: 5.6870 acc: 0.6154 macro f1: 0.6031 macro precision: 0.6110 macro recall: 0.6084 time: 0.0121
Epoch 677  loss: 0.0012 acc: 1.0000 time0.0222
Epoch 677  loss: 0.0000 acc: 1.0000 Valid  loss: 7.9868  acc: 0.5000  macro_f1: 0.4267  micro_f1: 0.5000
Test  loss: 5.7157 acc: 0.6154 macro f1: 0.6031 macro precision: 0.6110 macro recall: 0.6084 time: 0.0121
Epoch 678  loss: 0.0005 acc: 1.0000 time0.0217
Epoch 678  loss: 0.0000 acc: 1.0000 Valid  loss: 7.9631  acc: 0.5000  macro_f1: 0.4267  micro_f1: 0.5000
Test  loss: 5.7069 acc: 0.6250 macro f1: 0.6115 macro precision: 0.6176 macro recall: 0.6160 time: 0.0120
Epoch 679  loss: 0.0026 acc: 1.0000 time0.0220
Epoch 679  loss: 0.0000 acc: 1.0000 Valid  loss: 8.0316  acc: 0.5000  macro_f1: 0.4267  micro_f1: 0.5000
Test  loss: 5.6933 acc: 0.6154 macro f1: 0.6031 macro precision: 0.6110 macro recall: 0.6084 time: 0.0117
Epoch 680  loss: 0.0002 acc: 1.0000 time0.0208
Epoch 680  loss: 0.0000 acc: 1.0000 Valid  loss: 8.1117  acc: 0.5000  macro_f1: 0.4267  micro_f1: 0.5000
Test  loss: 5.6875 acc: 0.6154 macro f1: 0.6031 macro precision: 0.6110 macro recall: 0.6084 time: 0.0120
Epoch 681  loss: 0.0004 acc: 1.0000 time0.0213
Epoch 681  loss: 0.0000 acc: 1.0000 Valid  loss: 8.1261  acc: 0.5000  macro_f1: 0.4267  micro_f1: 0.5000
Test  loss: 5.6806 acc: 0.6154 macro f1: 0.6031 macro precision: 0.6110 macro recall: 0.6084 time: 0.0116
Epoch 682  loss: 0.0004 acc: 1.0000 time0.0224
Epoch 682  loss: 0.0000 acc: 1.0000 Valid  loss: 8.1570  acc: 0.5000  macro_f1: 0.4267  micro_f1: 0.5000
Test  loss: 5.6830 acc: 0.6250 macro f1: 0.6115 macro precision: 0.6176 macro recall: 0.6160 time: 0.0122
Epoch 683  loss: 0.0006 acc: 1.0000 time0.0222
Epoch 683  loss: 0.0000 acc: 1.0000 Valid  loss: 8.1543  acc: 0.5000  macro_f1: 0.4267  micro_f1: 0.5000
Test  loss: 5.6766 acc: 0.6250 macro f1: 0.6115 macro precision: 0.6176 macro recall: 0.6160 time: 0.0121
Epoch 684  loss: 0.0004 acc: 1.0000 time0.0239
Epoch 684  loss: 0.0000 acc: 1.0000 Valid  loss: 8.1750  acc: 0.5000  macro_f1: 0.4267  micro_f1: 0.5000
Test  loss: 5.6682 acc: 0.6250 macro f1: 0.6115 macro precision: 0.6176 macro recall: 0.6160 time: 0.0125
Epoch 685  loss: 0.0007 acc: 1.0000 time0.0218
Epoch 685  loss: 0.0000 acc: 1.0000 Valid  loss: 8.1848  acc: 0.5000  macro_f1: 0.4267  micro_f1: 0.5000
Test  loss: 5.6337 acc: 0.6250 macro f1: 0.6115 macro precision: 0.6176 macro recall: 0.6160 time: 0.0117
Epoch 686  loss: 0.0008 acc: 1.0000 time0.0228
Epoch 686  loss: 0.0000 acc: 1.0000 Valid  loss: 8.2081  acc: 0.5000  macro_f1: 0.4267  micro_f1: 0.5000
Test  loss: 5.6429 acc: 0.6250 macro f1: 0.6115 macro precision: 0.6176 macro recall: 0.6160 time: 0.0122
Epoch 687  loss: 0.0005 acc: 1.0000 time0.0225
Epoch 687  loss: 0.0000 acc: 1.0000 Valid  loss: 8.2299  acc: 0.5000  macro_f1: 0.4267  micro_f1: 0.5000
Test  loss: 5.6500 acc: 0.6250 macro f1: 0.6115 macro precision: 0.6176 macro recall: 0.6160 time: 0.0120
Epoch 688  loss: 0.0009 acc: 1.0000 time0.0213
Epoch 688  loss: 0.0000 acc: 1.0000 Valid  loss: 8.2379  acc: 0.5000  macro_f1: 0.4267  micro_f1: 0.5000
Test  loss: 5.6575 acc: 0.6154 macro f1: 0.6023 macro precision: 0.6081 macro recall: 0.6065 time: 0.0120
Epoch 689  loss: 0.0004 acc: 1.0000 time0.0221
Epoch 689  loss: 0.0000 acc: 1.0000 Valid  loss: 8.2481  acc: 0.5000  macro_f1: 0.4267  micro_f1: 0.5000
Test  loss: 5.6792 acc: 0.6250 macro f1: 0.6145 macro precision: 0.6189 macro recall: 0.6198 time: 0.0157
Epoch 690  loss: 0.0003 acc: 1.0000 time0.0290
Epoch 690  loss: 0.0000 acc: 1.0000 Valid  loss: 8.2616  acc: 0.5000  macro_f1: 0.4267  micro_f1: 0.5000
Test  loss: 5.7338 acc: 0.6346 macro f1: 0.6228 macro precision: 0.6259 macro recall: 0.6274 time: 0.0132
Epoch 691  loss: 0.0003 acc: 1.0000 time0.0207
Epoch 691  loss: 0.0000 acc: 1.0000 Valid  loss: 8.2758  acc: 0.5000  macro_f1: 0.4267  micro_f1: 0.5000
Test  loss: 5.7458 acc: 0.6346 macro f1: 0.6228 macro precision: 0.6259 macro recall: 0.6274 time: 0.0119
Epoch 692  loss: 0.0042 acc: 1.0000 time0.0221
Epoch 692  loss: 0.0000 acc: 1.0000 Valid  loss: 8.1902  acc: 0.5000  macro_f1: 0.4267  micro_f1: 0.5000
Test  loss: 5.7386 acc: 0.6346 macro f1: 0.6228 macro precision: 0.6259 macro recall: 0.6274 time: 0.0118
Epoch 693  loss: 0.0004 acc: 1.0000 time0.0217
Epoch 693  loss: 0.0000 acc: 1.0000 Valid  loss: 8.2476  acc: 0.5000  macro_f1: 0.4267  micro_f1: 0.5000
Test  loss: 5.7128 acc: 0.6346 macro f1: 0.6228 macro precision: 0.6259 macro recall: 0.6274 time: 0.0119
Epoch 694  loss: 0.0002 acc: 1.0000 time0.0209
Epoch 694  loss: 0.0000 acc: 1.0000 Valid  loss: 8.1927  acc: 0.5000  macro_f1: 0.4267  micro_f1: 0.5000
Test  loss: 5.6891 acc: 0.6250 macro f1: 0.6105 macro precision: 0.6149 macro recall: 0.6140 time: 0.0125
Epoch 695  loss: 0.0008 acc: 1.0000 time0.0227
Epoch 695  loss: 0.0000 acc: 1.0000 Valid  loss: 8.1647  acc: 0.5000  macro_f1: 0.4267  micro_f1: 0.5000
Test  loss: 5.6922 acc: 0.6346 macro f1: 0.6197 macro precision: 0.6243 macro recall: 0.6235 time: 0.0119
Epoch 696  loss: 0.0005 acc: 1.0000 time0.0204
Epoch 696  loss: 0.0000 acc: 1.0000 Valid  loss: 8.1242  acc: 0.5208  macro_f1: 0.4423  micro_f1: 0.5208
Test  loss: 5.7094 acc: 0.6538 macro f1: 0.6378 macro precision: 0.6434 macro recall: 0.6406 time: 0.0122
Epoch 697  loss: 0.0004 acc: 1.0000 time0.0220
Epoch 697  loss: 0.0000 acc: 1.0000 Valid  loss: 8.0079  acc: 0.5208  macro_f1: 0.4423  micro_f1: 0.5208
Test  loss: 5.7116 acc: 0.6538 macro f1: 0.6378 macro precision: 0.6434 macro recall: 0.6406 time: 0.0122
Epoch 698  loss: 0.0004 acc: 1.0000 time0.0227
Epoch 698  loss: 0.0000 acc: 1.0000 Valid  loss: 7.9555  acc: 0.5208  macro_f1: 0.4423  micro_f1: 0.5208
Test  loss: 5.7558 acc: 0.6442 macro f1: 0.6296 macro precision: 0.6368 macro recall: 0.6331 time: 0.0120
Epoch 699  loss: 0.0010 acc: 1.0000 time0.0225
Epoch 699  loss: 0.0000 acc: 1.0000 Valid  loss: 7.9049  acc: 0.5208  macro_f1: 0.4423  micro_f1: 0.5208
Test  loss: 5.8112 acc: 0.6442 macro f1: 0.6296 macro precision: 0.6368 macro recall: 0.6331 time: 0.0117
Epoch 700  loss: 0.0004 acc: 1.0000 time0.0213
Epoch 700  loss: 0.0000 acc: 1.0000 Valid  loss: 7.8308  acc: 0.5208  macro_f1: 0.4423  micro_f1: 0.5208
Test  loss: 5.8281 acc: 0.6346 macro f1: 0.6214 macro precision: 0.6303 macro recall: 0.6255 time: 0.0118
Best validation: VALID ACC 0.5416666865348816  MACRO F1 0.43333333333333335 MICRO F1 0.5416666666666666 EPOCH 12
Best test: TEST ACC 0.7307692170143127 TEST F1 0.7141148325358851 TEST PRECISION 0.7302777453611857 TEST RECALL 0.7089610389610389 EPOCH 27
Epoch 701  loss: 0.0004 acc: 1.0000 time0.0222
Epoch 701  loss: 0.0000 acc: 1.0000 Valid  loss: 7.7520  acc: 0.5208  macro_f1: 0.4423  micro_f1: 0.5208
Test  loss: 5.9016 acc: 0.6346 macro f1: 0.6214 macro precision: 0.6303 macro recall: 0.6255 time: 0.0117
Epoch 702  loss: 0.0008 acc: 1.0000 time0.0207
Epoch 702  loss: 0.0000 acc: 1.0000 Valid  loss: 7.7396  acc: 0.5208  macro_f1: 0.4423  micro_f1: 0.5208
Test  loss: 5.9113 acc: 0.6346 macro f1: 0.6214 macro precision: 0.6303 macro recall: 0.6255 time: 0.0118
Epoch 703  loss: 0.0003 acc: 1.0000 time0.0210
Epoch 703  loss: 0.0000 acc: 1.0000 Valid  loss: 7.7232  acc: 0.5208  macro_f1: 0.4423  micro_f1: 0.5208
Test  loss: 5.8963 acc: 0.6442 macro f1: 0.6306 macro precision: 0.6403 macro recall: 0.6331 time: 0.0118
Epoch 704  loss: 0.0009 acc: 1.0000 time0.0226
Epoch 704  loss: 0.0000 acc: 1.0000 Valid  loss: 7.7271  acc: 0.5208  macro_f1: 0.4423  micro_f1: 0.5208
Test  loss: 5.9155 acc: 0.6346 macro f1: 0.6173 macro precision: 0.6267 macro recall: 0.6197 time: 0.0127
Epoch 705  loss: 0.0004 acc: 1.0000 time0.0219
Epoch 705  loss: 0.0000 acc: 1.0000 Valid  loss: 7.7313  acc: 0.5208  macro_f1: 0.4423  micro_f1: 0.5208
Test  loss: 5.9253 acc: 0.6346 macro f1: 0.6173 macro precision: 0.6267 macro recall: 0.6197 time: 0.0119
Epoch 706  loss: 0.0009 acc: 1.0000 time0.0224
Epoch 706  loss: 0.0000 acc: 1.0000 Valid  loss: 7.7559  acc: 0.5208  macro_f1: 0.4423  micro_f1: 0.5208
Test  loss: 5.8747 acc: 0.6442 macro f1: 0.6254 macro precision: 0.6332 macro recall: 0.6273 time: 0.0120
Epoch 707  loss: 0.0004 acc: 1.0000 time0.0213
Epoch 707  loss: 0.0000 acc: 1.0000 Valid  loss: 7.7687  acc: 0.5208  macro_f1: 0.4423  micro_f1: 0.5208
Test  loss: 5.8649 acc: 0.6442 macro f1: 0.6254 macro precision: 0.6332 macro recall: 0.6273 time: 0.0121
Epoch 708  loss: 0.0002 acc: 1.0000 time0.0220
Epoch 708  loss: 0.0000 acc: 1.0000 Valid  loss: 7.7962  acc: 0.5208  macro_f1: 0.4423  micro_f1: 0.5208
Test  loss: 5.8605 acc: 0.6442 macro f1: 0.6254 macro precision: 0.6332 macro recall: 0.6273 time: 0.0127
Epoch 709  loss: 0.0045 acc: 0.9948 time0.0221
Epoch 709  loss: 0.0000 acc: 1.0000 Valid  loss: 7.9109  acc: 0.5208  macro_f1: 0.4423  micro_f1: 0.5208
Test  loss: 5.7968 acc: 0.6538 macro f1: 0.6334 macro precision: 0.6398 macro recall: 0.6349 time: 0.0122
Epoch 710  loss: 0.0005 acc: 1.0000 time0.0242
Epoch 710  loss: 0.0000 acc: 1.0000 Valid  loss: 8.0340  acc: 0.5208  macro_f1: 0.4423  micro_f1: 0.5208
Test  loss: 5.7381 acc: 0.6538 macro f1: 0.6334 macro precision: 0.6398 macro recall: 0.6349 time: 0.0136
Epoch 711  loss: 0.0002 acc: 1.0000 time0.0240
Epoch 711  loss: 0.0000 acc: 1.0000 Valid  loss: 8.1060  acc: 0.5208  macro_f1: 0.4423  micro_f1: 0.5208
Test  loss: 5.7237 acc: 0.6346 macro f1: 0.6155 macro precision: 0.6195 macro recall: 0.6178 time: 0.0127
Epoch 712  loss: 0.0003 acc: 1.0000 time0.0236
Epoch 712  loss: 0.0000 acc: 1.0000 Valid  loss: 8.1917  acc: 0.5417  macro_f1: 0.4576  micro_f1: 0.5417
Test  loss: 5.7141 acc: 0.6442 macro f1: 0.6284 macro precision: 0.6310 macro recall: 0.6311 time: 0.0123
Epoch 713  loss: 0.0004 acc: 1.0000 time0.0270
Epoch 713  loss: 0.0000 acc: 1.0000 Valid  loss: 8.2778  acc: 0.5208  macro_f1: 0.4423  micro_f1: 0.5208
Test  loss: 5.7598 acc: 0.6346 macro f1: 0.6190 macro precision: 0.6211 macro recall: 0.6216 time: 0.0143
Epoch 714  loss: 0.0003 acc: 1.0000 time0.0257
Epoch 714  loss: 0.0000 acc: 1.0000 Valid  loss: 8.3469  acc: 0.5208  macro_f1: 0.4423  micro_f1: 0.5208
Test  loss: 5.7549 acc: 0.6442 macro f1: 0.6315 macro precision: 0.6341 macro recall: 0.6349 time: 0.0139
Epoch 715  loss: 0.0007 acc: 1.0000 time0.0227
Epoch 715  loss: 0.0000 acc: 1.0000 Valid  loss: 8.4135  acc: 0.5208  macro_f1: 0.4423  micro_f1: 0.5208
Test  loss: 5.7611 acc: 0.6442 macro f1: 0.6315 macro precision: 0.6341 macro recall: 0.6349 time: 0.0130
Epoch 716  loss: 0.0003 acc: 1.0000 time0.0218
Epoch 716  loss: 0.0000 acc: 1.0000 Valid  loss: 8.5121  acc: 0.5208  macro_f1: 0.4423  micro_f1: 0.5208
Test  loss: 5.8030 acc: 0.6250 macro f1: 0.6124 macro precision: 0.6152 macro recall: 0.6159 time: 0.0126
Epoch 717  loss: 0.0004 acc: 1.0000 time0.0225
Epoch 717  loss: 0.0000 acc: 1.0000 Valid  loss: 8.5720  acc: 0.5208  macro_f1: 0.4427  micro_f1: 0.5208
Test  loss: 5.8449 acc: 0.6250 macro f1: 0.6123 macro precision: 0.6135 macro recall: 0.6159 time: 0.0122
Epoch 718  loss: 0.0031 acc: 1.0000 time0.0220
Epoch 718  loss: 0.0000 acc: 1.0000 Valid  loss: 8.5750  acc: 0.4792  macro_f1: 0.4104  micro_f1: 0.4792
Test  loss: 5.8515 acc: 0.6250 macro f1: 0.6124 macro precision: 0.6152 macro recall: 0.6159 time: 0.0138
Epoch 719  loss: 0.0010 acc: 1.0000 time0.0225
Epoch 719  loss: 0.0000 acc: 1.0000 Valid  loss: 8.5652  acc: 0.4792  macro_f1: 0.4104  micro_f1: 0.4792
Test  loss: 5.8334 acc: 0.6346 macro f1: 0.6220 macro precision: 0.6245 macro recall: 0.6254 time: 0.0123
Epoch 720  loss: 0.0020 acc: 1.0000 time0.0219
Epoch 720  loss: 0.0000 acc: 1.0000 Valid  loss: 8.5269  acc: 0.5000  macro_f1: 0.4267  micro_f1: 0.5000
Test  loss: 5.8303 acc: 0.6346 macro f1: 0.6220 macro precision: 0.6245 macro recall: 0.6254 time: 0.0119
Epoch 721  loss: 0.0003 acc: 1.0000 time0.0216
Epoch 721  loss: 0.0000 acc: 1.0000 Valid  loss: 8.3993  acc: 0.5000  macro_f1: 0.4267  micro_f1: 0.5000
Test  loss: 5.7869 acc: 0.6346 macro f1: 0.6220 macro precision: 0.6245 macro recall: 0.6254 time: 0.0126
Epoch 722  loss: 0.0007 acc: 1.0000 time0.0214
Epoch 722  loss: 0.0000 acc: 1.0000 Valid  loss: 8.4025  acc: 0.5000  macro_f1: 0.4267  micro_f1: 0.5000
Test  loss: 5.7561 acc: 0.6250 macro f1: 0.6134 macro precision: 0.6168 macro recall: 0.6178 time: 0.0127
Epoch 723  loss: 0.0013 acc: 1.0000 time0.0213
Epoch 723  loss: 0.0000 acc: 1.0000 Valid  loss: 8.3177  acc: 0.5000  macro_f1: 0.4267  micro_f1: 0.5000
Test  loss: 5.7296 acc: 0.6346 macro f1: 0.6228 macro precision: 0.6259 macro recall: 0.6274 time: 0.0124
Epoch 724  loss: 0.0003 acc: 1.0000 time0.0225
Epoch 724  loss: 0.0000 acc: 1.0000 Valid  loss: 8.2340  acc: 0.5000  macro_f1: 0.4267  micro_f1: 0.5000
Test  loss: 5.7346 acc: 0.6154 macro f1: 0.6013 macro precision: 0.6057 macro recall: 0.6045 time: 0.0128
Epoch 725  loss: 0.0006 acc: 1.0000 time0.0239
Epoch 725  loss: 0.0000 acc: 1.0000 Valid  loss: 8.1441  acc: 0.5000  macro_f1: 0.4267  micro_f1: 0.5000
Test  loss: 5.7259 acc: 0.6250 macro f1: 0.6105 macro precision: 0.6149 macro recall: 0.6140 time: 0.0141
Epoch 726  loss: 0.0003 acc: 1.0000 time0.0236
Epoch 726  loss: 0.0000 acc: 1.0000 Valid  loss: 8.0114  acc: 0.5000  macro_f1: 0.4267  micro_f1: 0.5000
Test  loss: 5.7454 acc: 0.6346 macro f1: 0.6197 macro precision: 0.6243 macro recall: 0.6235 time: 0.0130
Epoch 727  loss: 0.0002 acc: 1.0000 time0.0255
Epoch 727  loss: 0.0000 acc: 1.0000 Valid  loss: 7.8480  acc: 0.5000  macro_f1: 0.4267  micro_f1: 0.5000
Test  loss: 5.7531 acc: 0.6346 macro f1: 0.6203 macro precision: 0.6264 macro recall: 0.6235 time: 0.0130
Epoch 728  loss: 0.0006 acc: 1.0000 time0.0255
Epoch 728  loss: 0.0000 acc: 1.0000 Valid  loss: 7.7231  acc: 0.5000  macro_f1: 0.4247  micro_f1: 0.5000
Test  loss: 5.7666 acc: 0.6346 macro f1: 0.6203 macro precision: 0.6264 macro recall: 0.6235 time: 0.0143
Epoch 729  loss: 0.0003 acc: 1.0000 time0.0260
Epoch 729  loss: 0.0000 acc: 1.0000 Valid  loss: 7.6483  acc: 0.5000  macro_f1: 0.4247  micro_f1: 0.5000
Test  loss: 5.7665 acc: 0.6250 macro f1: 0.6122 macro precision: 0.6199 macro recall: 0.6160 time: 0.0148
Epoch 730  loss: 0.0018 acc: 1.0000 time0.0244
Epoch 730  loss: 0.0000 acc: 1.0000 Valid  loss: 7.5979  acc: 0.5000  macro_f1: 0.4247  micro_f1: 0.5000
Test  loss: 5.7896 acc: 0.6346 macro f1: 0.6214 macro precision: 0.6303 macro recall: 0.6255 time: 0.0129
Epoch 731  loss: 0.0024 acc: 1.0000 time0.0231
Epoch 731  loss: 0.0000 acc: 1.0000 Valid  loss: 7.6130  acc: 0.5000  macro_f1: 0.4247  micro_f1: 0.5000
Test  loss: 5.7694 acc: 0.6346 macro f1: 0.6214 macro precision: 0.6303 macro recall: 0.6255 time: 0.0126
Epoch 732  loss: 0.0002 acc: 1.0000 time0.0239
Epoch 732  loss: 0.0000 acc: 1.0000 Valid  loss: 7.6209  acc: 0.5000  macro_f1: 0.4247  micro_f1: 0.5000
Test  loss: 5.7764 acc: 0.6346 macro f1: 0.6214 macro precision: 0.6303 macro recall: 0.6255 time: 0.0130
Epoch 733  loss: 0.0007 acc: 1.0000 time0.0216
Epoch 733  loss: 0.0000 acc: 1.0000 Valid  loss: 7.6531  acc: 0.5000  macro_f1: 0.4247  micro_f1: 0.5000
Test  loss: 5.7395 acc: 0.6442 macro f1: 0.6296 macro precision: 0.6368 macro recall: 0.6331 time: 0.0122
Epoch 734  loss: 0.0006 acc: 1.0000 time0.0219
Epoch 734  loss: 0.0000 acc: 1.0000 Valid  loss: 7.6638  acc: 0.5000  macro_f1: 0.4247  micro_f1: 0.5000
Test  loss: 5.7767 acc: 0.6346 macro f1: 0.6203 macro precision: 0.6264 macro recall: 0.6235 time: 0.0122
Epoch 735  loss: 0.0004 acc: 1.0000 time0.0218
Epoch 735  loss: 0.0000 acc: 1.0000 Valid  loss: 7.7459  acc: 0.4792  macro_f1: 0.4083  micro_f1: 0.4792
Test  loss: 5.7843 acc: 0.6346 macro f1: 0.6203 macro precision: 0.6264 macro recall: 0.6235 time: 0.0126
Epoch 736  loss: 0.0008 acc: 1.0000 time0.0215
Epoch 736  loss: 0.0000 acc: 1.0000 Valid  loss: 7.8157  acc: 0.4792  macro_f1: 0.4083  micro_f1: 0.4792
Test  loss: 5.7859 acc: 0.6346 macro f1: 0.6203 macro precision: 0.6264 macro recall: 0.6235 time: 0.0122
Epoch 737  loss: 0.0004 acc: 1.0000 time0.0224
Epoch 737  loss: 0.0000 acc: 1.0000 Valid  loss: 7.8259  acc: 0.4792  macro_f1: 0.4083  micro_f1: 0.4792
Test  loss: 5.7915 acc: 0.6346 macro f1: 0.6203 macro precision: 0.6264 macro recall: 0.6235 time: 0.0119
Epoch 738  loss: 0.0007 acc: 1.0000 time0.0217
Epoch 738  loss: 0.0000 acc: 1.0000 Valid  loss: 7.8386  acc: 0.4792  macro_f1: 0.4083  micro_f1: 0.4792
Test  loss: 5.8107 acc: 0.6346 macro f1: 0.6203 macro precision: 0.6264 macro recall: 0.6235 time: 0.0126
Epoch 739  loss: 0.0009 acc: 1.0000 time0.0223
Epoch 739  loss: 0.0000 acc: 1.0000 Valid  loss: 7.9215  acc: 0.4792  macro_f1: 0.4083  micro_f1: 0.4792
Test  loss: 5.8099 acc: 0.6346 macro f1: 0.6203 macro precision: 0.6264 macro recall: 0.6235 time: 0.0123
Epoch 740  loss: 0.0006 acc: 1.0000 time0.0226
Epoch 740  loss: 0.0000 acc: 1.0000 Valid  loss: 7.9486  acc: 0.5000  macro_f1: 0.4267  micro_f1: 0.5000
Test  loss: 5.8307 acc: 0.6250 macro f1: 0.6115 macro precision: 0.6176 macro recall: 0.6160 time: 0.0125
Epoch 741  loss: 0.0012 acc: 1.0000 time0.0244
Epoch 741  loss: 0.0000 acc: 1.0000 Valid  loss: 8.1264  acc: 0.5000  macro_f1: 0.4267  micro_f1: 0.5000
Test  loss: 5.8346 acc: 0.6346 macro f1: 0.6197 macro precision: 0.6243 macro recall: 0.6235 time: 0.0140
Epoch 742  loss: 0.0003 acc: 1.0000 time0.0247
Epoch 742  loss: 0.0000 acc: 1.0000 Valid  loss: 8.1686  acc: 0.5000  macro_f1: 0.4267  micro_f1: 0.5000
Test  loss: 5.8022 acc: 0.6250 macro f1: 0.6105 macro precision: 0.6149 macro recall: 0.6140 time: 0.0136
Epoch 743  loss: 0.0004 acc: 1.0000 time0.0245
Epoch 743  loss: 0.0000 acc: 1.0000 Valid  loss: 8.2335  acc: 0.5000  macro_f1: 0.4267  micro_f1: 0.5000
Test  loss: 5.8318 acc: 0.6250 macro f1: 0.6105 macro precision: 0.6149 macro recall: 0.6140 time: 0.0135
Epoch 744  loss: 0.0002 acc: 1.0000 time0.0243
Epoch 744  loss: 0.0000 acc: 1.0000 Valid  loss: 8.3097  acc: 0.5000  macro_f1: 0.4267  micro_f1: 0.5000
Test  loss: 5.8486 acc: 0.6154 macro f1: 0.6013 macro precision: 0.6057 macro recall: 0.6045 time: 0.0122
Epoch 745  loss: 0.0003 acc: 1.0000 time0.0219
Epoch 745  loss: 0.0000 acc: 1.0000 Valid  loss: 8.3471  acc: 0.5000  macro_f1: 0.4267  micro_f1: 0.5000
Test  loss: 5.8724 acc: 0.6250 macro f1: 0.6134 macro precision: 0.6168 macro recall: 0.6178 time: 0.0119
Epoch 746  loss: 0.0003 acc: 1.0000 time0.0227
Epoch 746  loss: 0.0000 acc: 1.0000 Valid  loss: 8.3844  acc: 0.5000  macro_f1: 0.4267  micro_f1: 0.5000
Test  loss: 5.8960 acc: 0.6250 macro f1: 0.6134 macro precision: 0.6168 macro recall: 0.6178 time: 0.0127
Epoch 747  loss: 0.0001 acc: 1.0000 time0.0293
Epoch 747  loss: 0.0000 acc: 1.0000 Valid  loss: 8.4117  acc: 0.5000  macro_f1: 0.4267  micro_f1: 0.5000
Test  loss: 5.8925 acc: 0.6250 macro f1: 0.6134 macro precision: 0.6168 macro recall: 0.6178 time: 0.0138
Epoch 748  loss: 0.0004 acc: 1.0000 time0.0234
Epoch 748  loss: 0.0000 acc: 1.0000 Valid  loss: 8.4290  acc: 0.5000  macro_f1: 0.4267  micro_f1: 0.5000
Test  loss: 5.9133 acc: 0.6250 macro f1: 0.6134 macro precision: 0.6168 macro recall: 0.6178 time: 0.0125
Epoch 749  loss: 0.0002 acc: 1.0000 time0.0223
Epoch 749  loss: 0.0000 acc: 1.0000 Valid  loss: 8.4907  acc: 0.5000  macro_f1: 0.4267  micro_f1: 0.5000
Test  loss: 5.9211 acc: 0.6250 macro f1: 0.6134 macro precision: 0.6168 macro recall: 0.6178 time: 0.0127
Epoch 750  loss: 0.0004 acc: 1.0000 time0.0219
Epoch 750  loss: 0.0000 acc: 1.0000 Valid  loss: 8.5081  acc: 0.5000  macro_f1: 0.4267  micro_f1: 0.5000
Test  loss: 5.9268 acc: 0.6250 macro f1: 0.6134 macro precision: 0.6168 macro recall: 0.6178 time: 0.0120
Best validation: VALID ACC 0.5416666865348816  MACRO F1 0.43333333333333335 MICRO F1 0.5416666666666666 EPOCH 12
Best test: TEST ACC 0.7307692170143127 TEST F1 0.7141148325358851 TEST PRECISION 0.7302777453611857 TEST RECALL 0.7089610389610389 EPOCH 27
Epoch 751  loss: 0.0004 acc: 1.0000 time0.0214
Epoch 751  loss: 0.0000 acc: 1.0000 Valid  loss: 8.5074  acc: 0.5000  macro_f1: 0.4267  micro_f1: 0.5000
Test  loss: 5.9784 acc: 0.6346 macro f1: 0.6220 macro precision: 0.6245 macro recall: 0.6254 time: 0.0121
Epoch 752  loss: 0.0014 acc: 1.0000 time0.0220
Epoch 752  loss: 0.0000 acc: 1.0000 Valid  loss: 8.5094  acc: 0.5208  macro_f1: 0.4423  micro_f1: 0.5208
Test  loss: 5.9315 acc: 0.6442 macro f1: 0.6315 macro precision: 0.6341 macro recall: 0.6349 time: 0.0122
Epoch 753  loss: 0.0005 acc: 1.0000 time0.0243
Epoch 753  loss: 0.0000 acc: 1.0000 Valid  loss: 8.5029  acc: 0.5208  macro_f1: 0.4423  micro_f1: 0.5208
Test  loss: 5.9426 acc: 0.6346 macro f1: 0.6228 macro precision: 0.6259 macro recall: 0.6274 time: 0.0135
Epoch 754  loss: 0.0004 acc: 1.0000 time0.0215
Epoch 754  loss: 0.0000 acc: 1.0000 Valid  loss: 8.5170  acc: 0.5000  macro_f1: 0.4267  micro_f1: 0.5000
Test  loss: 5.9476 acc: 0.6346 macro f1: 0.6228 macro precision: 0.6259 macro recall: 0.6274 time: 0.0124
Epoch 755  loss: 0.0008 acc: 1.0000 time0.0215
Epoch 755  loss: 0.0000 acc: 1.0000 Valid  loss: 8.5158  acc: 0.5000  macro_f1: 0.4267  micro_f1: 0.5000
Test  loss: 5.9525 acc: 0.6346 macro f1: 0.6228 macro precision: 0.6259 macro recall: 0.6274 time: 0.0129
Epoch 756  loss: 0.0002 acc: 1.0000 time0.0218
Epoch 756  loss: 0.0000 acc: 1.0000 Valid  loss: 8.4923  acc: 0.5000  macro_f1: 0.4267  micro_f1: 0.5000
Test  loss: 5.9487 acc: 0.6346 macro f1: 0.6228 macro precision: 0.6259 macro recall: 0.6274 time: 0.0120
Epoch 757  loss: 0.0006 acc: 1.0000 time0.0224
Epoch 757  loss: 0.0000 acc: 1.0000 Valid  loss: 8.4752  acc: 0.5000  macro_f1: 0.4267  micro_f1: 0.5000
Test  loss: 5.9537 acc: 0.6346 macro f1: 0.6228 macro precision: 0.6259 macro recall: 0.6274 time: 0.0120
Epoch 758  loss: 0.0002 acc: 1.0000 time0.0223
Epoch 758  loss: 0.0000 acc: 1.0000 Valid  loss: 8.4703  acc: 0.5000  macro_f1: 0.4267  micro_f1: 0.5000
Test  loss: 5.9596 acc: 0.6346 macro f1: 0.6228 macro precision: 0.6259 macro recall: 0.6274 time: 0.0129
Epoch 759  loss: 0.0003 acc: 1.0000 time0.0219
Epoch 759  loss: 0.0000 acc: 1.0000 Valid  loss: 8.4452  acc: 0.5000  macro_f1: 0.4267  micro_f1: 0.5000
Test  loss: 5.9603 acc: 0.6346 macro f1: 0.6228 macro precision: 0.6259 macro recall: 0.6274 time: 0.0123
Epoch 760  loss: 0.0003 acc: 1.0000 time0.0226
Epoch 760  loss: 0.0000 acc: 1.0000 Valid  loss: 8.4393  acc: 0.5000  macro_f1: 0.4267  micro_f1: 0.5000
Test  loss: 5.9592 acc: 0.6442 macro f1: 0.6321 macro precision: 0.6354 macro recall: 0.6369 time: 0.0119
Epoch 761  loss: 0.0002 acc: 1.0000 time0.0214
Epoch 761  loss: 0.0000 acc: 1.0000 Valid  loss: 8.4469  acc: 0.5000  macro_f1: 0.4267  micro_f1: 0.5000
Test  loss: 5.9523 acc: 0.6442 macro f1: 0.6321 macro precision: 0.6354 macro recall: 0.6369 time: 0.0125
Epoch 762  loss: 0.0002 acc: 1.0000 time0.0221
Epoch 762  loss: 0.0000 acc: 1.0000 Valid  loss: 8.4346  acc: 0.5000  macro_f1: 0.4267  micro_f1: 0.5000
Test  loss: 5.9486 acc: 0.6442 macro f1: 0.6321 macro precision: 0.6354 macro recall: 0.6369 time: 0.0121
Epoch 763  loss: 0.0005 acc: 1.0000 time0.0216
Epoch 763  loss: 0.0000 acc: 1.0000 Valid  loss: 8.4201  acc: 0.5000  macro_f1: 0.4267  micro_f1: 0.5000
Test  loss: 5.9488 acc: 0.6442 macro f1: 0.6321 macro precision: 0.6354 macro recall: 0.6369 time: 0.0123
Epoch 764  loss: 0.0002 acc: 1.0000 time0.0222
Epoch 764  loss: 0.0000 acc: 1.0000 Valid  loss: 8.4106  acc: 0.5000  macro_f1: 0.4267  micro_f1: 0.5000
Test  loss: 5.9365 acc: 0.6538 macro f1: 0.6410 macro precision: 0.6440 macro recall: 0.6445 time: 0.0126
Epoch 765  loss: 0.0003 acc: 1.0000 time0.0217
Epoch 765  loss: 0.0000 acc: 1.0000 Valid  loss: 8.4022  acc: 0.5000  macro_f1: 0.4267  micro_f1: 0.5000
Test  loss: 5.9365 acc: 0.6538 macro f1: 0.6410 macro precision: 0.6440 macro recall: 0.6445 time: 0.0117
Epoch 766  loss: 0.0005 acc: 1.0000 time0.0203
Epoch 766  loss: 0.0000 acc: 1.0000 Valid  loss: 8.3841  acc: 0.5000  macro_f1: 0.4267  micro_f1: 0.5000
Test  loss: 5.9302 acc: 0.6538 macro f1: 0.6410 macro precision: 0.6440 macro recall: 0.6445 time: 0.0121
Epoch 767  loss: 0.0003 acc: 1.0000 time0.0210
Epoch 767  loss: 0.0000 acc: 1.0000 Valid  loss: 8.3626  acc: 0.5000  macro_f1: 0.4267  micro_f1: 0.5000
Test  loss: 5.9239 acc: 0.6538 macro f1: 0.6410 macro precision: 0.6440 macro recall: 0.6445 time: 0.0127
Epoch 768  loss: 0.0004 acc: 1.0000 time0.0223
Epoch 768  loss: 0.0000 acc: 1.0000 Valid  loss: 8.3459  acc: 0.5000  macro_f1: 0.4267  micro_f1: 0.5000
Test  loss: 5.9285 acc: 0.6538 macro f1: 0.6410 macro precision: 0.6440 macro recall: 0.6445 time: 0.0120
Epoch 769  loss: 0.0002 acc: 1.0000 time0.0231
Epoch 769  loss: 0.0000 acc: 1.0000 Valid  loss: 8.3309  acc: 0.5000  macro_f1: 0.4267  micro_f1: 0.5000
Test  loss: 5.9307 acc: 0.6538 macro f1: 0.6410 macro precision: 0.6440 macro recall: 0.6445 time: 0.0120
Epoch 770  loss: 0.0001 acc: 1.0000 time0.0212
Epoch 770  loss: 0.0000 acc: 1.0000 Valid  loss: 8.3311  acc: 0.5000  macro_f1: 0.4267  micro_f1: 0.5000
Test  loss: 5.9290 acc: 0.6538 macro f1: 0.6410 macro precision: 0.6440 macro recall: 0.6445 time: 0.0124
Epoch 771  loss: 0.0003 acc: 1.0000 time0.0240
Epoch 771  loss: 0.0000 acc: 1.0000 Valid  loss: 8.3550  acc: 0.5000  macro_f1: 0.4267  micro_f1: 0.5000
Test  loss: 5.9310 acc: 0.6442 macro f1: 0.6285 macro precision: 0.6330 macro recall: 0.6311 time: 0.0132
Epoch 772  loss: 0.0009 acc: 1.0000 time0.0235
Epoch 772  loss: 0.0000 acc: 1.0000 Valid  loss: 8.3611  acc: 0.5000  macro_f1: 0.4267  micro_f1: 0.5000
Test  loss: 5.9301 acc: 0.6442 macro f1: 0.6285 macro precision: 0.6330 macro recall: 0.6311 time: 0.0119
Epoch 773  loss: 0.0004 acc: 1.0000 time0.0207
Epoch 773  loss: 0.0000 acc: 1.0000 Valid  loss: 8.3550  acc: 0.5000  macro_f1: 0.4267  micro_f1: 0.5000
Test  loss: 5.9329 acc: 0.6538 macro f1: 0.6410 macro precision: 0.6440 macro recall: 0.6445 time: 0.0126
Epoch 774  loss: 0.0006 acc: 1.0000 time0.0202
Epoch 774  loss: 0.0000 acc: 1.0000 Valid  loss: 8.3469  acc: 0.5000  macro_f1: 0.4267  micro_f1: 0.5000
Test  loss: 5.9301 acc: 0.6538 macro f1: 0.6410 macro precision: 0.6440 macro recall: 0.6445 time: 0.0116
Epoch 775  loss: 0.0003 acc: 1.0000 time0.0236
Epoch 775  loss: 0.0000 acc: 1.0000 Valid  loss: 8.3620  acc: 0.5000  macro_f1: 0.4267  micro_f1: 0.5000
Test  loss: 5.9339 acc: 0.6538 macro f1: 0.6410 macro precision: 0.6440 macro recall: 0.6445 time: 0.0121
Epoch 776  loss: 0.0002 acc: 1.0000 time0.0220
Epoch 776  loss: 0.0000 acc: 1.0000 Valid  loss: 8.3724  acc: 0.5000  macro_f1: 0.4267  micro_f1: 0.5000
Test  loss: 5.9405 acc: 0.6538 macro f1: 0.6410 macro precision: 0.6440 macro recall: 0.6445 time: 0.0126
Epoch 777  loss: 0.0003 acc: 1.0000 time0.0217
Epoch 777  loss: 0.0000 acc: 1.0000 Valid  loss: 8.3791  acc: 0.5000  macro_f1: 0.4267  micro_f1: 0.5000
Test  loss: 5.9412 acc: 0.6538 macro f1: 0.6410 macro precision: 0.6440 macro recall: 0.6445 time: 0.0117
Epoch 778  loss: 0.0007 acc: 1.0000 time0.0206
Epoch 778  loss: 0.0000 acc: 1.0000 Valid  loss: 8.3925  acc: 0.5000  macro_f1: 0.4267  micro_f1: 0.5000
Test  loss: 5.9432 acc: 0.6538 macro f1: 0.6410 macro precision: 0.6440 macro recall: 0.6445 time: 0.0114
Epoch 779  loss: 0.0004 acc: 1.0000 time0.0217
Epoch 779  loss: 0.0000 acc: 1.0000 Valid  loss: 8.4125  acc: 0.5000  macro_f1: 0.4267  micro_f1: 0.5000
Test  loss: 5.9455 acc: 0.6538 macro f1: 0.6410 macro precision: 0.6440 macro recall: 0.6445 time: 0.0121
Epoch 780  loss: 0.0003 acc: 1.0000 time0.0222
Epoch 780  loss: 0.0000 acc: 1.0000 Valid  loss: 8.4199  acc: 0.5000  macro_f1: 0.4267  micro_f1: 0.5000
Test  loss: 5.9580 acc: 0.6538 macro f1: 0.6410 macro precision: 0.6440 macro recall: 0.6445 time: 0.0120
Epoch 781  loss: 0.0003 acc: 1.0000 time0.0209
Epoch 781  loss: 0.0000 acc: 1.0000 Valid  loss: 8.4262  acc: 0.5000  macro_f1: 0.4267  micro_f1: 0.5000
Test  loss: 5.9600 acc: 0.6538 macro f1: 0.6410 macro precision: 0.6440 macro recall: 0.6445 time: 0.0116
Epoch 782  loss: 0.0002 acc: 1.0000 time0.0216
Epoch 782  loss: 0.0000 acc: 1.0000 Valid  loss: 8.4275  acc: 0.5000  macro_f1: 0.4267  micro_f1: 0.5000
Test  loss: 5.9601 acc: 0.6538 macro f1: 0.6410 macro precision: 0.6440 macro recall: 0.6445 time: 0.0128
Epoch 783  loss: 0.0004 acc: 1.0000 time0.0213
Epoch 783  loss: 0.0000 acc: 1.0000 Valid  loss: 8.4402  acc: 0.5000  macro_f1: 0.4267  micro_f1: 0.5000
Test  loss: 5.9598 acc: 0.6538 macro f1: 0.6410 macro precision: 0.6440 macro recall: 0.6445 time: 0.0123
Epoch 784  loss: 0.0006 acc: 1.0000 time0.0222
Epoch 784  loss: 0.0000 acc: 1.0000 Valid  loss: 8.4432  acc: 0.5000  macro_f1: 0.4267  micro_f1: 0.5000
Test  loss: 5.9753 acc: 0.6538 macro f1: 0.6410 macro precision: 0.6440 macro recall: 0.6445 time: 0.0118
Epoch 785  loss: 0.0009 acc: 1.0000 time0.0214
Epoch 785  loss: 0.0000 acc: 1.0000 Valid  loss: 8.4771  acc: 0.5000  macro_f1: 0.4267  micro_f1: 0.5000
Test  loss: 5.9784 acc: 0.6538 macro f1: 0.6410 macro precision: 0.6440 macro recall: 0.6445 time: 0.0124
Epoch 786  loss: 0.0003 acc: 1.0000 time0.0218
Epoch 786  loss: 0.0000 acc: 1.0000 Valid  loss: 8.4951  acc: 0.5000  macro_f1: 0.4267  micro_f1: 0.5000
Test  loss: 5.9861 acc: 0.6538 macro f1: 0.6410 macro precision: 0.6440 macro recall: 0.6445 time: 0.0120
Epoch 787  loss: 0.0005 acc: 1.0000 time0.0225
Epoch 787  loss: 0.0000 acc: 1.0000 Valid  loss: 8.5027  acc: 0.5000  macro_f1: 0.4267  micro_f1: 0.5000
Test  loss: 5.9936 acc: 0.6538 macro f1: 0.6410 macro precision: 0.6440 macro recall: 0.6445 time: 0.0124
Epoch 788  loss: 0.0002 acc: 1.0000 time0.0221
Epoch 788  loss: 0.0000 acc: 1.0000 Valid  loss: 8.4944  acc: 0.5208  macro_f1: 0.4423  micro_f1: 0.5208
Test  loss: 5.9924 acc: 0.6538 macro f1: 0.6410 macro precision: 0.6440 macro recall: 0.6445 time: 0.0127
Epoch 789  loss: 0.0002 acc: 1.0000 time0.0227
Epoch 789  loss: 0.0000 acc: 1.0000 Valid  loss: 8.5068  acc: 0.5208  macro_f1: 0.4423  micro_f1: 0.5208
Test  loss: 5.9953 acc: 0.6538 macro f1: 0.6410 macro precision: 0.6440 macro recall: 0.6445 time: 0.0125
Epoch 790  loss: 0.0002 acc: 1.0000 time0.0216
Epoch 790  loss: 0.0000 acc: 1.0000 Valid  loss: 8.5114  acc: 0.5208  macro_f1: 0.4423  micro_f1: 0.5208
Test  loss: 6.0000 acc: 0.6538 macro f1: 0.6410 macro precision: 0.6440 macro recall: 0.6445 time: 0.0120
Epoch 791  loss: 0.0002 acc: 1.0000 time0.0324
Epoch 791  loss: 0.0000 acc: 1.0000 Valid  loss: 8.5114  acc: 0.5208  macro_f1: 0.4423  micro_f1: 0.5208
Test  loss: 5.9961 acc: 0.6538 macro f1: 0.6410 macro precision: 0.6440 macro recall: 0.6445 time: 0.0192
Epoch 792  loss: 0.0004 acc: 1.0000 time0.0339
Epoch 792  loss: 0.0000 acc: 1.0000 Valid  loss: 8.5207  acc: 0.5208  macro_f1: 0.4423  micro_f1: 0.5208
Test  loss: 5.9997 acc: 0.6538 macro f1: 0.6410 macro precision: 0.6440 macro recall: 0.6445 time: 0.0141
Epoch 793  loss: 0.0001 acc: 1.0000 time0.0319
Epoch 793  loss: 0.0000 acc: 1.0000 Valid  loss: 8.5198  acc: 0.5208  macro_f1: 0.4423  micro_f1: 0.5208
Test  loss: 5.9999 acc: 0.6538 macro f1: 0.6410 macro precision: 0.6440 macro recall: 0.6445 time: 0.0140
Epoch 794  loss: 0.0001 acc: 1.0000 time0.0220
Epoch 794  loss: 0.0000 acc: 1.0000 Valid  loss: 8.5175  acc: 0.5208  macro_f1: 0.4423  micro_f1: 0.5208
Test  loss: 5.9993 acc: 0.6538 macro f1: 0.6410 macro precision: 0.6440 macro recall: 0.6445 time: 0.0120
Epoch 795  loss: 0.0006 acc: 1.0000 time0.0220
Epoch 795  loss: 0.0000 acc: 1.0000 Valid  loss: 8.5010  acc: 0.5208  macro_f1: 0.4423  micro_f1: 0.5208
Test  loss: 5.9989 acc: 0.6538 macro f1: 0.6410 macro precision: 0.6440 macro recall: 0.6445 time: 0.0123
Epoch 796  loss: 0.0003 acc: 1.0000 time0.0226
Epoch 796  loss: 0.0000 acc: 1.0000 Valid  loss: 8.4943  acc: 0.5208  macro_f1: 0.4423  micro_f1: 0.5208
Test  loss: 5.9991 acc: 0.6538 macro f1: 0.6410 macro precision: 0.6440 macro recall: 0.6445 time: 0.0125
Epoch 797  loss: 0.0002 acc: 1.0000 time0.0218
Epoch 797  loss: 0.0000 acc: 1.0000 Valid  loss: 8.4878  acc: 0.5208  macro_f1: 0.4423  micro_f1: 0.5208
Test  loss: 5.9974 acc: 0.6538 macro f1: 0.6410 macro precision: 0.6440 macro recall: 0.6445 time: 0.0124
Epoch 798  loss: 0.0005 acc: 1.0000 time0.0215
Epoch 798  loss: 0.0000 acc: 1.0000 Valid  loss: 8.4802  acc: 0.5208  macro_f1: 0.4423  micro_f1: 0.5208
Test  loss: 5.9941 acc: 0.6538 macro f1: 0.6410 macro precision: 0.6440 macro recall: 0.6445 time: 0.0119
Epoch 799  loss: 0.0005 acc: 1.0000 time0.0215
Epoch 799  loss: 0.0000 acc: 1.0000 Valid  loss: 8.4875  acc: 0.5000  macro_f1: 0.4267  micro_f1: 0.5000
Test  loss: 5.9925 acc: 0.6538 macro f1: 0.6410 macro precision: 0.6440 macro recall: 0.6445 time: 0.0119
Epoch 800  loss: 0.0003 acc: 1.0000 time0.0221
Epoch 800  loss: 0.0000 acc: 1.0000 Valid  loss: 8.4805  acc: 0.5000  macro_f1: 0.4267  micro_f1: 0.5000
Test  loss: 5.9906 acc: 0.6538 macro f1: 0.6410 macro precision: 0.6440 macro recall: 0.6445 time: 0.0119
Best validation: VALID ACC 0.5416666865348816  MACRO F1 0.43333333333333335 MICRO F1 0.5416666666666666 EPOCH 12
Best test: TEST ACC 0.7307692170143127 TEST F1 0.7141148325358851 TEST PRECISION 0.7302777453611857 TEST RECALL 0.7089610389610389 EPOCH 27
Epoch 801  loss: 0.0002 acc: 1.0000 time0.0220
Epoch 801  loss: 0.0000 acc: 1.0000 Valid  loss: 8.4814  acc: 0.5000  macro_f1: 0.4267  micro_f1: 0.5000
Test  loss: 5.9928 acc: 0.6538 macro f1: 0.6410 macro precision: 0.6440 macro recall: 0.6445 time: 0.0122
Epoch 802  loss: 0.0005 acc: 1.0000 time0.0227
Epoch 802  loss: 0.0000 acc: 1.0000 Valid  loss: 8.4760  acc: 0.5000  macro_f1: 0.4267  micro_f1: 0.5000
Test  loss: 5.9885 acc: 0.6442 macro f1: 0.6315 macro precision: 0.6341 macro recall: 0.6349 time: 0.0122
Epoch 803  loss: 0.0003 acc: 1.0000 time0.0213
Epoch 803  loss: 0.0000 acc: 1.0000 Valid  loss: 8.4730  acc: 0.5000  macro_f1: 0.4267  micro_f1: 0.5000
Test  loss: 5.9884 acc: 0.6442 macro f1: 0.6315 macro precision: 0.6341 macro recall: 0.6349 time: 0.0115
Epoch 804  loss: 0.0003 acc: 1.0000 time0.0217
Epoch 804  loss: 0.0000 acc: 1.0000 Valid  loss: 8.4584  acc: 0.5000  macro_f1: 0.4267  micro_f1: 0.5000
Test  loss: 5.9902 acc: 0.6442 macro f1: 0.6315 macro precision: 0.6341 macro recall: 0.6349 time: 0.0119
Epoch 805  loss: 0.0001 acc: 1.0000 time0.0294
Epoch 805  loss: 0.0000 acc: 1.0000 Valid  loss: 8.4580  acc: 0.5000  macro_f1: 0.4267  micro_f1: 0.5000
Test  loss: 5.9889 acc: 0.6442 macro f1: 0.6315 macro precision: 0.6341 macro recall: 0.6349 time: 0.0135
Epoch 806  loss: 0.0003 acc: 1.0000 time0.0230
Epoch 806  loss: 0.0000 acc: 1.0000 Valid  loss: 8.4522  acc: 0.5000  macro_f1: 0.4267  micro_f1: 0.5000
Test  loss: 5.9870 acc: 0.6442 macro f1: 0.6315 macro precision: 0.6341 macro recall: 0.6349 time: 0.0126
Epoch 807  loss: 0.0003 acc: 1.0000 time0.0219
Epoch 807  loss: 0.0000 acc: 1.0000 Valid  loss: 8.4380  acc: 0.5000  macro_f1: 0.4267  micro_f1: 0.5000
Test  loss: 5.9894 acc: 0.6442 macro f1: 0.6315 macro precision: 0.6341 macro recall: 0.6349 time: 0.0122
Epoch 808  loss: 0.0005 acc: 1.0000 time0.0239
Epoch 808  loss: 0.0000 acc: 1.0000 Valid  loss: 8.4201  acc: 0.5000  macro_f1: 0.4267  micro_f1: 0.5000
Test  loss: 5.9904 acc: 0.6442 macro f1: 0.6315 macro precision: 0.6341 macro recall: 0.6349 time: 0.0133
Epoch 809  loss: 0.0003 acc: 1.0000 time0.0232
Epoch 809  loss: 0.0000 acc: 1.0000 Valid  loss: 8.3935  acc: 0.5000  macro_f1: 0.4267  micro_f1: 0.5000
Test  loss: 5.9899 acc: 0.6538 macro f1: 0.6410 macro precision: 0.6440 macro recall: 0.6445 time: 0.0131
Epoch 810  loss: 0.0001 acc: 1.0000 time0.0214
Epoch 810  loss: 0.0000 acc: 1.0000 Valid  loss: 8.3845  acc: 0.5000  macro_f1: 0.4267  micro_f1: 0.5000
Test  loss: 5.9835 acc: 0.6538 macro f1: 0.6410 macro precision: 0.6440 macro recall: 0.6445 time: 0.0118
Epoch 811  loss: 0.0002 acc: 1.0000 time0.0223
Epoch 811  loss: 0.0000 acc: 1.0000 Valid  loss: 8.3713  acc: 0.5000  macro_f1: 0.4267  micro_f1: 0.5000
Test  loss: 5.9810 acc: 0.6442 macro f1: 0.6315 macro precision: 0.6341 macro recall: 0.6349 time: 0.0128
Epoch 812  loss: 0.0002 acc: 1.0000 time0.0222
Epoch 812  loss: 0.0000 acc: 1.0000 Valid  loss: 8.3582  acc: 0.5208  macro_f1: 0.4423  micro_f1: 0.5208
Test  loss: 5.9726 acc: 0.6442 macro f1: 0.6315 macro precision: 0.6341 macro recall: 0.6349 time: 0.0120
Epoch 813  loss: 0.0002 acc: 1.0000 time0.0220
Epoch 813  loss: 0.0000 acc: 1.0000 Valid  loss: 8.3415  acc: 0.5208  macro_f1: 0.4423  micro_f1: 0.5208
Test  loss: 5.9604 acc: 0.6442 macro f1: 0.6315 macro precision: 0.6341 macro recall: 0.6349 time: 0.0130
Epoch 814  loss: 0.0001 acc: 1.0000 time0.0212
Epoch 814  loss: 0.0000 acc: 1.0000 Valid  loss: 8.3438  acc: 0.5208  macro_f1: 0.4423  micro_f1: 0.5208
Test  loss: 5.9615 acc: 0.6442 macro f1: 0.6315 macro precision: 0.6341 macro recall: 0.6349 time: 0.0124
Epoch 815  loss: 0.0013 acc: 1.0000 time0.0209
Epoch 815  loss: 0.0000 acc: 1.0000 Valid  loss: 8.3498  acc: 0.5208  macro_f1: 0.4423  micro_f1: 0.5208
Test  loss: 5.9623 acc: 0.6442 macro f1: 0.6315 macro precision: 0.6341 macro recall: 0.6349 time: 0.0124
Epoch 816  loss: 0.0002 acc: 1.0000 time0.0208
Epoch 816  loss: 0.0000 acc: 1.0000 Valid  loss: 8.3570  acc: 0.5208  macro_f1: 0.4423  micro_f1: 0.5208
Test  loss: 5.9724 acc: 0.6442 macro f1: 0.6315 macro precision: 0.6341 macro recall: 0.6349 time: 0.0125
Epoch 817  loss: 0.0002 acc: 1.0000 time0.0223
Epoch 817  loss: 0.0000 acc: 1.0000 Valid  loss: 8.3589  acc: 0.5208  macro_f1: 0.4423  micro_f1: 0.5208
Test  loss: 5.9698 acc: 0.6442 macro f1: 0.6315 macro precision: 0.6341 macro recall: 0.6349 time: 0.0118
Epoch 818  loss: 0.0003 acc: 1.0000 time0.0220
Epoch 818  loss: 0.0000 acc: 1.0000 Valid  loss: 8.3507  acc: 0.5000  macro_f1: 0.4267  micro_f1: 0.5000
Test  loss: 5.9763 acc: 0.6346 macro f1: 0.6191 macro precision: 0.6230 macro recall: 0.6216 time: 0.0120
Epoch 819  loss: 0.0006 acc: 1.0000 time0.0213
Epoch 819  loss: 0.0000 acc: 1.0000 Valid  loss: 8.3371  acc: 0.5000  macro_f1: 0.4267  micro_f1: 0.5000
Test  loss: 5.9846 acc: 0.6346 macro f1: 0.6191 macro precision: 0.6230 macro recall: 0.6216 time: 0.0131
Epoch 820  loss: 0.0002 acc: 1.0000 time0.0219
Epoch 820  loss: 0.0000 acc: 1.0000 Valid  loss: 8.3271  acc: 0.5000  macro_f1: 0.4267  micro_f1: 0.5000
Test  loss: 5.9538 acc: 0.6346 macro f1: 0.6191 macro precision: 0.6230 macro recall: 0.6216 time: 0.0121
Epoch 821  loss: 0.0002 acc: 1.0000 time0.0208
Epoch 821  loss: 0.0000 acc: 1.0000 Valid  loss: 8.3127  acc: 0.5000  macro_f1: 0.4267  micro_f1: 0.5000
Test  loss: 5.9603 acc: 0.6346 macro f1: 0.6191 macro precision: 0.6230 macro recall: 0.6216 time: 0.0123
Epoch 822  loss: 0.0002 acc: 1.0000 time0.0214
Epoch 822  loss: 0.0000 acc: 1.0000 Valid  loss: 8.2817  acc: 0.5000  macro_f1: 0.4267  micro_f1: 0.5000
Test  loss: 5.9718 acc: 0.6346 macro f1: 0.6191 macro precision: 0.6230 macro recall: 0.6216 time: 0.0124
Epoch 823  loss: 0.0002 acc: 1.0000 time0.0220
Epoch 823  loss: 0.0000 acc: 1.0000 Valid  loss: 8.2742  acc: 0.5000  macro_f1: 0.4267  micro_f1: 0.5000
Test  loss: 5.9729 acc: 0.6346 macro f1: 0.6191 macro precision: 0.6230 macro recall: 0.6216 time: 0.0122
Epoch 824  loss: 0.0008 acc: 1.0000 time0.0215
Epoch 824  loss: 0.0000 acc: 1.0000 Valid  loss: 8.2813  acc: 0.5000  macro_f1: 0.4267  micro_f1: 0.5000
Test  loss: 6.0278 acc: 0.6346 macro f1: 0.6191 macro precision: 0.6230 macro recall: 0.6216 time: 0.0120
Epoch 825  loss: 0.0002 acc: 1.0000 time0.0220
Epoch 825  loss: 0.0000 acc: 1.0000 Valid  loss: 8.2921  acc: 0.5000  macro_f1: 0.4267  micro_f1: 0.5000
Test  loss: 6.0303 acc: 0.6250 macro f1: 0.6105 macro precision: 0.6149 macro recall: 0.6140 time: 0.0130
Epoch 826  loss: 0.0006 acc: 1.0000 time0.0220
Epoch 826  loss: 0.0000 acc: 1.0000 Valid  loss: 8.2339  acc: 0.5000  macro_f1: 0.4267  micro_f1: 0.5000
Test  loss: 6.0271 acc: 0.6250 macro f1: 0.6105 macro precision: 0.6149 macro recall: 0.6140 time: 0.0117
Epoch 827  loss: 0.0003 acc: 1.0000 time0.0205
Epoch 827  loss: 0.0000 acc: 1.0000 Valid  loss: 8.2522  acc: 0.5000  macro_f1: 0.4267  micro_f1: 0.5000
Test  loss: 6.0389 acc: 0.6250 macro f1: 0.6105 macro precision: 0.6149 macro recall: 0.6140 time: 0.0117
Epoch 828  loss: 0.0001 acc: 1.0000 time0.0204
Epoch 828  loss: 0.0000 acc: 1.0000 Valid  loss: 8.2585  acc: 0.5000  macro_f1: 0.4267  micro_f1: 0.5000
Test  loss: 6.0302 acc: 0.6250 macro f1: 0.6105 macro precision: 0.6149 macro recall: 0.6140 time: 0.0126
Epoch 829  loss: 0.0004 acc: 1.0000 time0.0220
Epoch 829  loss: 0.0000 acc: 1.0000 Valid  loss: 8.2679  acc: 0.5000  macro_f1: 0.4267  micro_f1: 0.5000
Test  loss: 6.0268 acc: 0.6250 macro f1: 0.6105 macro precision: 0.6149 macro recall: 0.6140 time: 0.0118
Epoch 830  loss: 0.0006 acc: 1.0000 time0.0209
Epoch 830  loss: 0.0000 acc: 1.0000 Valid  loss: 8.4018  acc: 0.5000  macro_f1: 0.4267  micro_f1: 0.5000
Test  loss: 6.0213 acc: 0.6250 macro f1: 0.6105 macro precision: 0.6149 macro recall: 0.6140 time: 0.0123
Epoch 831  loss: 0.0001 acc: 1.0000 time0.0213
Epoch 831  loss: 0.0000 acc: 1.0000 Valid  loss: 8.4298  acc: 0.5000  macro_f1: 0.4267  micro_f1: 0.5000
Test  loss: 6.0175 acc: 0.6250 macro f1: 0.6105 macro precision: 0.6149 macro recall: 0.6140 time: 0.0129
Epoch 832  loss: 0.0004 acc: 1.0000 time0.0223
Epoch 832  loss: 0.0000 acc: 1.0000 Valid  loss: 8.4443  acc: 0.5000  macro_f1: 0.4267  micro_f1: 0.5000
Test  loss: 6.0166 acc: 0.6250 macro f1: 0.6105 macro precision: 0.6149 macro recall: 0.6140 time: 0.0122
Epoch 833  loss: 0.0002 acc: 1.0000 time0.0217
Epoch 833  loss: 0.0000 acc: 1.0000 Valid  loss: 8.4447  acc: 0.5208  macro_f1: 0.4423  micro_f1: 0.5208
Test  loss: 6.0114 acc: 0.6346 macro f1: 0.6228 macro precision: 0.6259 macro recall: 0.6274 time: 0.0121
Epoch 834  loss: 0.0004 acc: 1.0000 time0.0222
Epoch 834  loss: 0.0000 acc: 1.0000 Valid  loss: 8.4701  acc: 0.5208  macro_f1: 0.4423  micro_f1: 0.5208
Test  loss: 6.0224 acc: 0.6346 macro f1: 0.6228 macro precision: 0.6259 macro recall: 0.6274 time: 0.0124
Epoch 835  loss: 0.0001 acc: 1.0000 time0.0225
Epoch 835  loss: 0.0000 acc: 1.0000 Valid  loss: 8.4806  acc: 0.5208  macro_f1: 0.4423  micro_f1: 0.5208
Test  loss: 6.0278 acc: 0.6346 macro f1: 0.6228 macro precision: 0.6259 macro recall: 0.6274 time: 0.0122
Epoch 836  loss: 0.0004 acc: 1.0000 time0.0230
Epoch 836  loss: 0.0000 acc: 1.0000 Valid  loss: 8.4957  acc: 0.5208  macro_f1: 0.4423  micro_f1: 0.5208
Test  loss: 6.0313 acc: 0.6250 macro f1: 0.6134 macro precision: 0.6168 macro recall: 0.6178 time: 0.0135
Epoch 837  loss: 0.0002 acc: 1.0000 time0.0242
Epoch 837  loss: 0.0000 acc: 1.0000 Valid  loss: 8.4948  acc: 0.5208  macro_f1: 0.4423  micro_f1: 0.5208
Test  loss: 6.0607 acc: 0.6250 macro f1: 0.6134 macro precision: 0.6168 macro recall: 0.6178 time: 0.0142
Epoch 838  loss: 0.0003 acc: 1.0000 time0.0253
Epoch 838  loss: 0.0000 acc: 1.0000 Valid  loss: 8.4987  acc: 0.5208  macro_f1: 0.4423  micro_f1: 0.5208
Test  loss: 6.0624 acc: 0.6346 macro f1: 0.6220 macro precision: 0.6245 macro recall: 0.6254 time: 0.0132
Epoch 839  loss: 0.0002 acc: 1.0000 time0.0280
Epoch 839  loss: 0.0000 acc: 1.0000 Valid  loss: 8.5071  acc: 0.5208  macro_f1: 0.4423  micro_f1: 0.5208
Test  loss: 6.0625 acc: 0.6346 macro f1: 0.6220 macro precision: 0.6245 macro recall: 0.6254 time: 0.0145
Epoch 840  loss: 0.0021 acc: 1.0000 time0.0252
Epoch 840  loss: 0.0000 acc: 1.0000 Valid  loss: 8.4898  acc: 0.5208  macro_f1: 0.4423  micro_f1: 0.5208
Test  loss: 6.0248 acc: 0.6346 macro f1: 0.6220 macro precision: 0.6245 macro recall: 0.6254 time: 0.0131
Epoch 841  loss: 0.0002 acc: 1.0000 time0.0233
Epoch 841  loss: 0.0000 acc: 1.0000 Valid  loss: 8.4867  acc: 0.5208  macro_f1: 0.4423  micro_f1: 0.5208
Test  loss: 6.0268 acc: 0.6346 macro f1: 0.6220 macro precision: 0.6245 macro recall: 0.6254 time: 0.0124
Epoch 842  loss: 0.0002 acc: 1.0000 time0.0217
Epoch 842  loss: 0.0000 acc: 1.0000 Valid  loss: 8.4767  acc: 0.5208  macro_f1: 0.4423  micro_f1: 0.5208
Test  loss: 6.0219 acc: 0.6346 macro f1: 0.6220 macro precision: 0.6245 macro recall: 0.6254 time: 0.0127
Epoch 843  loss: 0.0002 acc: 1.0000 time0.0233
Epoch 843  loss: 0.0000 acc: 1.0000 Valid  loss: 8.4576  acc: 0.5208  macro_f1: 0.4423  micro_f1: 0.5208
Test  loss: 6.0139 acc: 0.6442 macro f1: 0.6315 macro precision: 0.6341 macro recall: 0.6349 time: 0.0123
Epoch 844  loss: 0.0005 acc: 1.0000 time0.0215
Epoch 844  loss: 0.0000 acc: 1.0000 Valid  loss: 8.4352  acc: 0.5208  macro_f1: 0.4423  micro_f1: 0.5208
Test  loss: 6.0117 acc: 0.6442 macro f1: 0.6315 macro precision: 0.6341 macro recall: 0.6349 time: 0.0118
Epoch 845  loss: 0.0010 acc: 1.0000 time0.0230
Epoch 845  loss: 0.0000 acc: 1.0000 Valid  loss: 8.3365  acc: 0.5000  macro_f1: 0.4267  micro_f1: 0.5000
Test  loss: 6.0092 acc: 0.6250 macro f1: 0.6105 macro precision: 0.6149 macro recall: 0.6140 time: 0.0123
Epoch 846  loss: 0.0002 acc: 1.0000 time0.0221
Epoch 846  loss: 0.0000 acc: 1.0000 Valid  loss: 8.3065  acc: 0.5000  macro_f1: 0.4267  micro_f1: 0.5000
Test  loss: 5.9708 acc: 0.6346 macro f1: 0.6191 macro precision: 0.6230 macro recall: 0.6216 time: 0.0123
Epoch 847  loss: 0.0002 acc: 1.0000 time0.0217
Epoch 847  loss: 0.0000 acc: 1.0000 Valid  loss: 8.2728  acc: 0.5000  macro_f1: 0.4267  micro_f1: 0.5000
Test  loss: 5.9599 acc: 0.6250 macro f1: 0.6105 macro precision: 0.6149 macro recall: 0.6140 time: 0.0123
Epoch 848  loss: 0.0004 acc: 1.0000 time0.0230
Epoch 848  loss: 0.0000 acc: 1.0000 Valid  loss: 8.2904  acc: 0.5000  macro_f1: 0.4267  micro_f1: 0.5000
Test  loss: 5.9870 acc: 0.6250 macro f1: 0.6105 macro precision: 0.6149 macro recall: 0.6140 time: 0.0123
Epoch 849  loss: 0.0002 acc: 1.0000 time0.0238
Epoch 849  loss: 0.0000 acc: 1.0000 Valid  loss: 8.2635  acc: 0.5000  macro_f1: 0.4267  micro_f1: 0.5000
Test  loss: 5.9653 acc: 0.6154 macro f1: 0.6023 macro precision: 0.6081 macro recall: 0.6065 time: 0.0127
Epoch 850  loss: 0.0001 acc: 1.0000 time0.0226
Epoch 850  loss: 0.0000 acc: 1.0000 Valid  loss: 8.2339  acc: 0.5000  macro_f1: 0.4267  micro_f1: 0.5000
Test  loss: 5.9296 acc: 0.6154 macro f1: 0.6023 macro precision: 0.6081 macro recall: 0.6065 time: 0.0123
Best validation: VALID ACC 0.5416666865348816  MACRO F1 0.43333333333333335 MICRO F1 0.5416666666666666 EPOCH 12
Best test: TEST ACC 0.7307692170143127 TEST F1 0.7141148325358851 TEST PRECISION 0.7302777453611857 TEST RECALL 0.7089610389610389 EPOCH 27
Epoch 851  loss: 0.0003 acc: 1.0000 time0.0208
Epoch 851  loss: 0.0000 acc: 1.0000 Valid  loss: 8.2132  acc: 0.5000  macro_f1: 0.4267  micro_f1: 0.5000
Test  loss: 5.9446 acc: 0.6154 macro f1: 0.6023 macro precision: 0.6081 macro recall: 0.6065 time: 0.0119
Epoch 852  loss: 0.0003 acc: 1.0000 time0.0225
Epoch 852  loss: 0.0000 acc: 1.0000 Valid  loss: 8.2131  acc: 0.5000  macro_f1: 0.4267  micro_f1: 0.5000
Test  loss: 5.9683 acc: 0.6154 macro f1: 0.6023 macro precision: 0.6081 macro recall: 0.6065 time: 0.0120
Epoch 853  loss: 0.0003 acc: 1.0000 time0.0216
Epoch 853  loss: 0.0000 acc: 1.0000 Valid  loss: 8.1913  acc: 0.5000  macro_f1: 0.4267  micro_f1: 0.5000
Test  loss: 5.9488 acc: 0.6154 macro f1: 0.6023 macro precision: 0.6081 macro recall: 0.6065 time: 0.0126
Epoch 854  loss: 0.0001 acc: 1.0000 time0.0228
Epoch 854  loss: 0.0000 acc: 1.0000 Valid  loss: 8.1921  acc: 0.5000  macro_f1: 0.4267  micro_f1: 0.5000
Test  loss: 5.9499 acc: 0.6154 macro f1: 0.6023 macro precision: 0.6081 macro recall: 0.6065 time: 0.0118
Epoch 855  loss: 0.0002 acc: 1.0000 time0.0223
Epoch 855  loss: 0.0000 acc: 1.0000 Valid  loss: 8.1902  acc: 0.5000  macro_f1: 0.4267  micro_f1: 0.5000
Test  loss: 5.9512 acc: 0.6154 macro f1: 0.6023 macro precision: 0.6081 macro recall: 0.6065 time: 0.0120
Epoch 856  loss: 0.0005 acc: 1.0000 time0.0226
Epoch 856  loss: 0.0000 acc: 1.0000 Valid  loss: 8.1588  acc: 0.5000  macro_f1: 0.4267  micro_f1: 0.5000
Test  loss: 5.9476 acc: 0.6154 macro f1: 0.6023 macro precision: 0.6081 macro recall: 0.6065 time: 0.0121
Epoch 857  loss: 0.0002 acc: 1.0000 time0.0222
Epoch 857  loss: 0.0000 acc: 1.0000 Valid  loss: 8.1995  acc: 0.5000  macro_f1: 0.4267  micro_f1: 0.5000
Test  loss: 5.9147 acc: 0.6154 macro f1: 0.6023 macro precision: 0.6081 macro recall: 0.6065 time: 0.0122
Epoch 858  loss: 0.0002 acc: 1.0000 time0.0229
Epoch 858  loss: 0.0000 acc: 1.0000 Valid  loss: 8.2080  acc: 0.5000  macro_f1: 0.4267  micro_f1: 0.5000
Test  loss: 5.9120 acc: 0.6154 macro f1: 0.6023 macro precision: 0.6081 macro recall: 0.6065 time: 0.0125
Epoch 859  loss: 0.0003 acc: 1.0000 time0.0213
Epoch 859  loss: 0.0000 acc: 1.0000 Valid  loss: 8.1953  acc: 0.5000  macro_f1: 0.4267  micro_f1: 0.5000
Test  loss: 5.9028 acc: 0.6154 macro f1: 0.6023 macro precision: 0.6081 macro recall: 0.6065 time: 0.0126
Epoch 860  loss: 0.0005 acc: 1.0000 time0.0254
Epoch 860  loss: 0.0000 acc: 1.0000 Valid  loss: 8.2077  acc: 0.5000  macro_f1: 0.4267  micro_f1: 0.5000
Test  loss: 5.9200 acc: 0.6154 macro f1: 0.6023 macro precision: 0.6081 macro recall: 0.6065 time: 0.0127
Epoch 861  loss: 0.0002 acc: 1.0000 time0.0234
Epoch 861  loss: 0.0000 acc: 1.0000 Valid  loss: 8.2186  acc: 0.5000  macro_f1: 0.4267  micro_f1: 0.5000
Test  loss: 5.9205 acc: 0.6154 macro f1: 0.6023 macro precision: 0.6081 macro recall: 0.6065 time: 0.0128
Epoch 862  loss: 0.0002 acc: 1.0000 time0.0249
Epoch 862  loss: 0.0000 acc: 1.0000 Valid  loss: 8.2215  acc: 0.5000  macro_f1: 0.4267  micro_f1: 0.5000
Test  loss: 5.9065 acc: 0.6250 macro f1: 0.6145 macro precision: 0.6189 macro recall: 0.6198 time: 0.0133
Epoch 863  loss: 0.0004 acc: 1.0000 time0.0261
Epoch 863  loss: 0.0000 acc: 1.0000 Valid  loss: 8.2550  acc: 0.5000  macro_f1: 0.4267  micro_f1: 0.5000
Test  loss: 5.9042 acc: 0.6250 macro f1: 0.6145 macro precision: 0.6189 macro recall: 0.6198 time: 0.0145
Epoch 864  loss: 0.0001 acc: 1.0000 time0.0260
Epoch 864  loss: 0.0000 acc: 1.0000 Valid  loss: 8.2814  acc: 0.5000  macro_f1: 0.4267  micro_f1: 0.5000
Test  loss: 5.9108 acc: 0.6250 macro f1: 0.6145 macro precision: 0.6189 macro recall: 0.6198 time: 0.0126
Epoch 865  loss: 0.0003 acc: 1.0000 time0.0224
Epoch 865  loss: 0.0000 acc: 1.0000 Valid  loss: 8.2885  acc: 0.5000  macro_f1: 0.4267  micro_f1: 0.5000
Test  loss: 5.9121 acc: 0.6250 macro f1: 0.6145 macro precision: 0.6189 macro recall: 0.6198 time: 0.0123
Epoch 866  loss: 0.0002 acc: 1.0000 time0.0238
Epoch 866  loss: 0.0000 acc: 1.0000 Valid  loss: 8.2927  acc: 0.5000  macro_f1: 0.4267  micro_f1: 0.5000
Test  loss: 5.9146 acc: 0.6250 macro f1: 0.6145 macro precision: 0.6189 macro recall: 0.6198 time: 0.0122
Epoch 867  loss: 0.0004 acc: 1.0000 time0.0218
Epoch 867  loss: 0.0000 acc: 1.0000 Valid  loss: 8.3039  acc: 0.5000  macro_f1: 0.4267  micro_f1: 0.5000
Test  loss: 5.9018 acc: 0.6250 macro f1: 0.6145 macro precision: 0.6189 macro recall: 0.6198 time: 0.0117
Epoch 868  loss: 0.0002 acc: 1.0000 time0.0210
Epoch 868  loss: 0.0000 acc: 1.0000 Valid  loss: 8.3261  acc: 0.5000  macro_f1: 0.4267  micro_f1: 0.5000
Test  loss: 5.8998 acc: 0.6250 macro f1: 0.6145 macro precision: 0.6189 macro recall: 0.6198 time: 0.0121
Epoch 869  loss: 0.0003 acc: 1.0000 time0.0217
Epoch 869  loss: 0.0000 acc: 1.0000 Valid  loss: 8.3399  acc: 0.5000  macro_f1: 0.4267  micro_f1: 0.5000
Test  loss: 5.9022 acc: 0.6250 macro f1: 0.6145 macro precision: 0.6189 macro recall: 0.6198 time: 0.0121
Epoch 870  loss: 0.0002 acc: 1.0000 time0.0213
Epoch 870  loss: 0.0000 acc: 1.0000 Valid  loss: 8.3369  acc: 0.5000  macro_f1: 0.4267  micro_f1: 0.5000
Test  loss: 5.9022 acc: 0.6250 macro f1: 0.6145 macro precision: 0.6189 macro recall: 0.6198 time: 0.0122
Epoch 871  loss: 0.0002 acc: 1.0000 time0.0211
Epoch 871  loss: 0.0000 acc: 1.0000 Valid  loss: 8.3887  acc: 0.5000  macro_f1: 0.4267  micro_f1: 0.5000
Test  loss: 5.9202 acc: 0.6346 macro f1: 0.6228 macro precision: 0.6259 macro recall: 0.6274 time: 0.0128
Epoch 872  loss: 0.0020 acc: 1.0000 time0.0230
Epoch 872  loss: 0.0000 acc: 1.0000 Valid  loss: 8.4449  acc: 0.5000  macro_f1: 0.4267  micro_f1: 0.5000
Test  loss: 5.9353 acc: 0.6250 macro f1: 0.6134 macro precision: 0.6168 macro recall: 0.6178 time: 0.0122
Epoch 873  loss: 0.0024 acc: 1.0000 time0.0279
Epoch 873  loss: 0.0000 acc: 1.0000 Valid  loss: 8.5583  acc: 0.5000  macro_f1: 0.4267  micro_f1: 0.5000
Test  loss: 6.0080 acc: 0.6250 macro f1: 0.6134 macro precision: 0.6168 macro recall: 0.6178 time: 0.0121
Epoch 874  loss: 0.0003 acc: 1.0000 time0.0215
Epoch 874  loss: 0.0000 acc: 1.0000 Valid  loss: 8.6497  acc: 0.5208  macro_f1: 0.4445  micro_f1: 0.5208
Test  loss: 6.0999 acc: 0.6250 macro f1: 0.6134 macro precision: 0.6168 macro recall: 0.6178 time: 0.0120
Epoch 875  loss: 0.0007 acc: 1.0000 time0.0210
Epoch 875  loss: 0.0000 acc: 1.0000 Valid  loss: 8.7991  acc: 0.5208  macro_f1: 0.4445  micro_f1: 0.5208
Test  loss: 6.1585 acc: 0.6250 macro f1: 0.6134 macro precision: 0.6168 macro recall: 0.6178 time: 0.0121
Epoch 876  loss: 0.0002 acc: 1.0000 time0.0214
Epoch 876  loss: 0.0000 acc: 1.0000 Valid  loss: 8.8972  acc: 0.5208  macro_f1: 0.4445  micro_f1: 0.5208
Test  loss: 6.1863 acc: 0.6250 macro f1: 0.6134 macro precision: 0.6168 macro recall: 0.6178 time: 0.0125
Epoch 877  loss: 0.0005 acc: 1.0000 time0.0248
Epoch 877  loss: 0.0000 acc: 1.0000 Valid  loss: 8.9010  acc: 0.5208  macro_f1: 0.4445  micro_f1: 0.5208
Test  loss: 6.1984 acc: 0.6250 macro f1: 0.6134 macro precision: 0.6168 macro recall: 0.6178 time: 0.0130
Epoch 878  loss: 0.0005 acc: 1.0000 time0.0241
Epoch 878  loss: 0.0000 acc: 1.0000 Valid  loss: 8.9437  acc: 0.5208  macro_f1: 0.4445  micro_f1: 0.5208
Test  loss: 6.2250 acc: 0.6250 macro f1: 0.6131 macro precision: 0.6166 macro recall: 0.6178 time: 0.0127
Epoch 879  loss: 0.0003 acc: 1.0000 time0.0233
Epoch 879  loss: 0.0000 acc: 1.0000 Valid  loss: 9.0106  acc: 0.5208  macro_f1: 0.4445  micro_f1: 0.5208
Test  loss: 6.2001 acc: 0.6250 macro f1: 0.6131 macro precision: 0.6166 macro recall: 0.6178 time: 0.0126
Epoch 880  loss: 0.0002 acc: 1.0000 time0.0233
Epoch 880  loss: 0.0000 acc: 1.0000 Valid  loss: 9.0342  acc: 0.5208  macro_f1: 0.4445  micro_f1: 0.5208
Test  loss: 6.2196 acc: 0.6250 macro f1: 0.6131 macro precision: 0.6166 macro recall: 0.6178 time: 0.0134
Epoch 881  loss: 0.0007 acc: 1.0000 time0.0230
Epoch 881  loss: 0.0000 acc: 1.0000 Valid  loss: 9.0355  acc: 0.5208  macro_f1: 0.4445  micro_f1: 0.5208
Test  loss: 6.2275 acc: 0.6154 macro f1: 0.6037 macro precision: 0.6080 macro recall: 0.6083 time: 0.0125
Epoch 882  loss: 0.0009 acc: 1.0000 time0.0214
Epoch 882  loss: 0.0000 acc: 1.0000 Valid  loss: 9.0427  acc: 0.5208  macro_f1: 0.4445  micro_f1: 0.5208
Test  loss: 6.2364 acc: 0.6154 macro f1: 0.6037 macro precision: 0.6080 macro recall: 0.6083 time: 0.0127
Epoch 883  loss: 0.0017 acc: 1.0000 time0.0228
Epoch 883  loss: 0.0000 acc: 1.0000 Valid  loss: 9.0193  acc: 0.5208  macro_f1: 0.4445  micro_f1: 0.5208
Test  loss: 6.2446 acc: 0.6154 macro f1: 0.6037 macro precision: 0.6080 macro recall: 0.6083 time: 0.0125
Epoch 884  loss: 0.0007 acc: 1.0000 time0.0229
Epoch 884  loss: 0.0000 acc: 1.0000 Valid  loss: 9.0098  acc: 0.5208  macro_f1: 0.4445  micro_f1: 0.5208
Test  loss: 6.2488 acc: 0.6154 macro f1: 0.6046 macro precision: 0.6094 macro recall: 0.6103 time: 0.0123
Epoch 885  loss: 0.0009 acc: 1.0000 time0.0210
Epoch 885  loss: 0.0000 acc: 1.0000 Valid  loss: 8.9868  acc: 0.5208  macro_f1: 0.4445  micro_f1: 0.5208
Test  loss: 6.2647 acc: 0.6154 macro f1: 0.6048 macro precision: 0.6093 macro recall: 0.6103 time: 0.0124
Epoch 886  loss: 0.0003 acc: 1.0000 time0.0219
Epoch 886  loss: 0.0000 acc: 1.0000 Valid  loss: 8.9623  acc: 0.5208  macro_f1: 0.4445  micro_f1: 0.5208
Test  loss: 6.2639 acc: 0.6250 macro f1: 0.6134 macro precision: 0.6168 macro recall: 0.6178 time: 0.0127
Epoch 887  loss: 0.0004 acc: 1.0000 time0.0221
Epoch 887  loss: 0.0000 acc: 1.0000 Valid  loss: 8.8913  acc: 0.5208  macro_f1: 0.4445  micro_f1: 0.5208
Test  loss: 6.2654 acc: 0.6250 macro f1: 0.6134 macro precision: 0.6168 macro recall: 0.6178 time: 0.0119
Epoch 888  loss: 0.0003 acc: 1.0000 time0.0219
Epoch 888  loss: 0.0000 acc: 1.0000 Valid  loss: 8.8337  acc: 0.5208  macro_f1: 0.4445  micro_f1: 0.5208
Test  loss: 6.1558 acc: 0.6250 macro f1: 0.6134 macro precision: 0.6168 macro recall: 0.6178 time: 0.0124
Epoch 889  loss: 0.0003 acc: 1.0000 time0.0219
Epoch 889  loss: 0.0000 acc: 1.0000 Valid  loss: 8.7196  acc: 0.5000  macro_f1: 0.4267  micro_f1: 0.5000
Test  loss: 6.1493 acc: 0.6250 macro f1: 0.6134 macro precision: 0.6168 macro recall: 0.6178 time: 0.0122
Epoch 890  loss: 0.0001 acc: 1.0000 time0.0248
Epoch 890  loss: 0.0000 acc: 1.0000 Valid  loss: 8.6733  acc: 0.5000  macro_f1: 0.4267  micro_f1: 0.5000
Test  loss: 6.0755 acc: 0.6346 macro f1: 0.6228 macro precision: 0.6259 macro recall: 0.6274 time: 0.0133
Epoch 891  loss: 0.0004 acc: 1.0000 time0.0255
Epoch 891  loss: 0.0000 acc: 1.0000 Valid  loss: 8.6093  acc: 0.5000  macro_f1: 0.4267  micro_f1: 0.5000
Test  loss: 6.1134 acc: 0.6346 macro f1: 0.6228 macro precision: 0.6259 macro recall: 0.6274 time: 0.0128
Epoch 892  loss: 0.0004 acc: 1.0000 time0.0242
Epoch 892  loss: 0.0000 acc: 1.0000 Valid  loss: 8.5578  acc: 0.5000  macro_f1: 0.4267  micro_f1: 0.5000
Test  loss: 6.1449 acc: 0.6346 macro f1: 0.6228 macro precision: 0.6259 macro recall: 0.6274 time: 0.0132
Epoch 893  loss: 0.0001 acc: 1.0000 time0.0266
Epoch 893  loss: 0.0000 acc: 1.0000 Valid  loss: 8.4922  acc: 0.5000  macro_f1: 0.4267  micro_f1: 0.5000
Test  loss: 6.1452 acc: 0.6346 macro f1: 0.6228 macro precision: 0.6259 macro recall: 0.6274 time: 0.0134
Epoch 894  loss: 0.0002 acc: 1.0000 time0.0250
Epoch 894  loss: 0.0000 acc: 1.0000 Valid  loss: 8.4597  acc: 0.5000  macro_f1: 0.4267  micro_f1: 0.5000
Test  loss: 6.1809 acc: 0.6250 macro f1: 0.6105 macro precision: 0.6149 macro recall: 0.6140 time: 0.0139
Epoch 895  loss: 0.0001 acc: 1.0000 time0.0240
Epoch 895  loss: 0.0000 acc: 1.0000 Valid  loss: 8.3934  acc: 0.5000  macro_f1: 0.4267  micro_f1: 0.5000
Test  loss: 6.1911 acc: 0.6250 macro f1: 0.6105 macro precision: 0.6149 macro recall: 0.6140 time: 0.0128
Epoch 896  loss: 0.0003 acc: 1.0000 time0.0233
Epoch 896  loss: 0.0000 acc: 1.0000 Valid  loss: 8.4327  acc: 0.5000  macro_f1: 0.4267  micro_f1: 0.5000
Test  loss: 6.2024 acc: 0.6250 macro f1: 0.6105 macro precision: 0.6149 macro recall: 0.6140 time: 0.0126
Epoch 897  loss: 0.0003 acc: 1.0000 time0.0220
Epoch 897  loss: 0.0000 acc: 1.0000 Valid  loss: 8.3995  acc: 0.5000  macro_f1: 0.4267  micro_f1: 0.5000
Test  loss: 6.2020 acc: 0.6250 macro f1: 0.6105 macro precision: 0.6149 macro recall: 0.6140 time: 0.0141
Epoch 898  loss: 0.0002 acc: 1.0000 time0.0259
Epoch 898  loss: 0.0000 acc: 1.0000 Valid  loss: 8.3938  acc: 0.5000  macro_f1: 0.4267  micro_f1: 0.5000
Test  loss: 6.1900 acc: 0.6346 macro f1: 0.6197 macro precision: 0.6243 macro recall: 0.6235 time: 0.0146
Epoch 899  loss: 0.0002 acc: 1.0000 time0.0231
Epoch 899  loss: 0.0000 acc: 1.0000 Valid  loss: 8.3521  acc: 0.5000  macro_f1: 0.4267  micro_f1: 0.5000
Test  loss: 6.1880 acc: 0.6346 macro f1: 0.6197 macro precision: 0.6243 macro recall: 0.6235 time: 0.0125
Epoch 900  loss: 0.0002 acc: 1.0000 time0.0222
Epoch 900  loss: 0.0000 acc: 1.0000 Valid  loss: 8.3355  acc: 0.5000  macro_f1: 0.4267  micro_f1: 0.5000
Test  loss: 6.1910 acc: 0.6346 macro f1: 0.6197 macro precision: 0.6243 macro recall: 0.6235 time: 0.0120
Best validation: VALID ACC 0.5416666865348816  MACRO F1 0.43333333333333335 MICRO F1 0.5416666666666666 EPOCH 12
Best test: TEST ACC 0.7307692170143127 TEST F1 0.7141148325358851 TEST PRECISION 0.7302777453611857 TEST RECALL 0.7089610389610389 EPOCH 27
Epoch 901  loss: 0.0005 acc: 1.0000 time0.0224
Epoch 901  loss: 0.0000 acc: 1.0000 Valid  loss: 8.3574  acc: 0.5000  macro_f1: 0.4267  micro_f1: 0.5000
Test  loss: 6.1777 acc: 0.6250 macro f1: 0.6105 macro precision: 0.6149 macro recall: 0.6140 time: 0.0118
Epoch 902  loss: 0.0002 acc: 1.0000 time0.0222
Epoch 902  loss: 0.0000 acc: 1.0000 Valid  loss: 8.3578  acc: 0.5000  macro_f1: 0.4267  micro_f1: 0.5000
Test  loss: 6.1114 acc: 0.6250 macro f1: 0.6105 macro precision: 0.6149 macro recall: 0.6140 time: 0.0121
Epoch 903  loss: 0.0002 acc: 1.0000 time0.0217
Epoch 903  loss: 0.0000 acc: 1.0000 Valid  loss: 8.3706  acc: 0.5000  macro_f1: 0.4267  micro_f1: 0.5000
Test  loss: 6.0960 acc: 0.6346 macro f1: 0.6197 macro precision: 0.6243 macro recall: 0.6235 time: 0.0121
Epoch 904  loss: 0.0010 acc: 1.0000 time0.0230
Epoch 904  loss: 0.0000 acc: 1.0000 Valid  loss: 8.3794  acc: 0.5000  macro_f1: 0.4267  micro_f1: 0.5000
Test  loss: 6.0965 acc: 0.6346 macro f1: 0.6197 macro precision: 0.6243 macro recall: 0.6235 time: 0.0123
Epoch 905  loss: 0.0007 acc: 1.0000 time0.0217
Epoch 905  loss: 0.0000 acc: 1.0000 Valid  loss: 8.3763  acc: 0.5000  macro_f1: 0.4267  micro_f1: 0.5000
Test  loss: 6.1126 acc: 0.6346 macro f1: 0.6191 macro precision: 0.6230 macro recall: 0.6216 time: 0.0125
Epoch 906  loss: 0.0001 acc: 1.0000 time0.0250
Epoch 906  loss: 0.0000 acc: 1.0000 Valid  loss: 8.3836  acc: 0.5000  macro_f1: 0.4267  micro_f1: 0.5000
Test  loss: 6.1404 acc: 0.6250 macro f1: 0.6105 macro precision: 0.6149 macro recall: 0.6140 time: 0.0134
Epoch 907  loss: 0.0002 acc: 1.0000 time0.0235
Epoch 907  loss: 0.0000 acc: 1.0000 Valid  loss: 8.4047  acc: 0.5000  macro_f1: 0.4267  micro_f1: 0.5000
Test  loss: 6.1346 acc: 0.6346 macro f1: 0.6197 macro precision: 0.6243 macro recall: 0.6235 time: 0.0132
Epoch 908  loss: 0.0004 acc: 1.0000 time0.0254
Epoch 908  loss: 0.0000 acc: 1.0000 Valid  loss: 8.4285  acc: 0.5000  macro_f1: 0.4267  micro_f1: 0.5000
Test  loss: 6.1206 acc: 0.6346 macro f1: 0.6228 macro precision: 0.6259 macro recall: 0.6274 time: 0.0129
Epoch 909  loss: 0.0003 acc: 1.0000 time0.0243
Epoch 909  loss: 0.0000 acc: 1.0000 Valid  loss: 8.4536  acc: 0.5000  macro_f1: 0.4267  micro_f1: 0.5000
Test  loss: 6.1216 acc: 0.6346 macro f1: 0.6228 macro precision: 0.6259 macro recall: 0.6274 time: 0.0134
Epoch 910  loss: 0.0002 acc: 1.0000 time0.0241
Epoch 910  loss: 0.0000 acc: 1.0000 Valid  loss: 8.4832  acc: 0.5000  macro_f1: 0.4267  micro_f1: 0.5000
Test  loss: 6.1252 acc: 0.6346 macro f1: 0.6228 macro precision: 0.6259 macro recall: 0.6274 time: 0.0131
Epoch 911  loss: 0.0003 acc: 1.0000 time0.0231
Epoch 911  loss: 0.0000 acc: 1.0000 Valid  loss: 8.5077  acc: 0.5000  macro_f1: 0.4267  micro_f1: 0.5000
Test  loss: 6.1244 acc: 0.6442 macro f1: 0.6321 macro precision: 0.6354 macro recall: 0.6369 time: 0.0125
Epoch 912  loss: 0.0005 acc: 1.0000 time0.0221
Epoch 912  loss: 0.0000 acc: 1.0000 Valid  loss: 8.5355  acc: 0.5000  macro_f1: 0.4267  micro_f1: 0.5000
Test  loss: 6.1432 acc: 0.6346 macro f1: 0.6228 macro precision: 0.6259 macro recall: 0.6274 time: 0.0120
Epoch 913  loss: 0.0001 acc: 1.0000 time0.0231
Epoch 913  loss: 0.0000 acc: 1.0000 Valid  loss: 8.5615  acc: 0.5000  macro_f1: 0.4267  micro_f1: 0.5000
Test  loss: 6.1450 acc: 0.6346 macro f1: 0.6228 macro precision: 0.6259 macro recall: 0.6274 time: 0.0121
Epoch 914  loss: 0.0002 acc: 1.0000 time0.0211
Epoch 914  loss: 0.0000 acc: 1.0000 Valid  loss: 8.5932  acc: 0.5000  macro_f1: 0.4267  micro_f1: 0.5000
Test  loss: 6.1508 acc: 0.6346 macro f1: 0.6228 macro precision: 0.6259 macro recall: 0.6274 time: 0.0129
Epoch 915  loss: 0.0002 acc: 1.0000 time0.0214
Epoch 915  loss: 0.0000 acc: 1.0000 Valid  loss: 8.6121  acc: 0.5000  macro_f1: 0.4267  micro_f1: 0.5000
Test  loss: 6.1557 acc: 0.6250 macro f1: 0.6134 macro precision: 0.6168 macro recall: 0.6178 time: 0.0123
Epoch 916  loss: 0.0001 acc: 1.0000 time0.0232
Epoch 916  loss: 0.0000 acc: 1.0000 Valid  loss: 8.6498  acc: 0.5000  macro_f1: 0.4267  micro_f1: 0.5000
Test  loss: 6.1459 acc: 0.6250 macro f1: 0.6134 macro precision: 0.6168 macro recall: 0.6178 time: 0.0119
Epoch 917  loss: 0.0004 acc: 1.0000 time0.0217
Epoch 917  loss: 0.0000 acc: 1.0000 Valid  loss: 8.6803  acc: 0.5000  macro_f1: 0.4267  micro_f1: 0.5000
Test  loss: 6.1594 acc: 0.6250 macro f1: 0.6134 macro precision: 0.6168 macro recall: 0.6178 time: 0.0119
Epoch 918  loss: 0.0001 acc: 1.0000 time0.0221
Epoch 918  loss: 0.0000 acc: 1.0000 Valid  loss: 8.6993  acc: 0.5000  macro_f1: 0.4267  micro_f1: 0.5000
Test  loss: 6.1625 acc: 0.6250 macro f1: 0.6134 macro precision: 0.6168 macro recall: 0.6178 time: 0.0120
Epoch 919  loss: 0.0010 acc: 1.0000 time0.0212
Epoch 919  loss: 0.0000 acc: 1.0000 Valid  loss: 8.6357  acc: 0.5000  macro_f1: 0.4267  micro_f1: 0.5000
Test  loss: 6.1673 acc: 0.6250 macro f1: 0.6134 macro precision: 0.6168 macro recall: 0.6178 time: 0.0116
Epoch 920  loss: 0.0008 acc: 1.0000 time0.0228
Epoch 920  loss: 0.0000 acc: 1.0000 Valid  loss: 8.6544  acc: 0.5000  macro_f1: 0.4267  micro_f1: 0.5000
Test  loss: 6.1977 acc: 0.6250 macro f1: 0.6134 macro precision: 0.6168 macro recall: 0.6178 time: 0.0152
Epoch 921  loss: 0.0001 acc: 1.0000 time0.0275
Epoch 921  loss: 0.0000 acc: 1.0000 Valid  loss: 8.6680  acc: 0.5000  macro_f1: 0.4267  micro_f1: 0.5000
Test  loss: 6.2037 acc: 0.6250 macro f1: 0.6134 macro precision: 0.6168 macro recall: 0.6178 time: 0.0127
Epoch 922  loss: 0.0003 acc: 1.0000 time0.0225
Epoch 922  loss: 0.0000 acc: 1.0000 Valid  loss: 8.6712  acc: 0.5000  macro_f1: 0.4267  micro_f1: 0.5000
Test  loss: 6.2078 acc: 0.6250 macro f1: 0.6134 macro precision: 0.6168 macro recall: 0.6178 time: 0.0124
Epoch 923  loss: 0.0005 acc: 1.0000 time0.0252
Epoch 923  loss: 0.0000 acc: 1.0000 Valid  loss: 8.7614  acc: 0.5000  macro_f1: 0.4267  micro_f1: 0.5000
Test  loss: 6.2113 acc: 0.6250 macro f1: 0.6134 macro precision: 0.6168 macro recall: 0.6178 time: 0.0130
Epoch 924  loss: 0.0007 acc: 1.0000 time0.0205
Epoch 924  loss: 0.0000 acc: 1.0000 Valid  loss: 8.7592  acc: 0.5000  macro_f1: 0.4267  micro_f1: 0.5000
Test  loss: 6.2147 acc: 0.6250 macro f1: 0.6134 macro precision: 0.6168 macro recall: 0.6178 time: 0.0120
Epoch 925  loss: 0.0001 acc: 1.0000 time0.0218
Epoch 925  loss: 0.0000 acc: 1.0000 Valid  loss: 8.7743  acc: 0.5000  macro_f1: 0.4267  micro_f1: 0.5000
Test  loss: 6.2095 acc: 0.6250 macro f1: 0.6134 macro precision: 0.6168 macro recall: 0.6178 time: 0.0122
Epoch 926  loss: 0.0003 acc: 1.0000 time0.0225
Epoch 926  loss: 0.0000 acc: 1.0000 Valid  loss: 8.7330  acc: 0.5000  macro_f1: 0.4267  micro_f1: 0.5000
Test  loss: 6.2080 acc: 0.6250 macro f1: 0.6134 macro precision: 0.6168 macro recall: 0.6178 time: 0.0125
Epoch 927  loss: 0.0003 acc: 1.0000 time0.0211
Epoch 927  loss: 0.0000 acc: 1.0000 Valid  loss: 8.7265  acc: 0.5000  macro_f1: 0.4267  micro_f1: 0.5000
Test  loss: 6.2120 acc: 0.6250 macro f1: 0.6134 macro precision: 0.6168 macro recall: 0.6178 time: 0.0124
Epoch 928  loss: 0.0005 acc: 1.0000 time0.0219
Epoch 928  loss: 0.0000 acc: 1.0000 Valid  loss: 8.7508  acc: 0.5000  macro_f1: 0.4267  micro_f1: 0.5000
Test  loss: 6.2126 acc: 0.6250 macro f1: 0.6134 macro precision: 0.6168 macro recall: 0.6178 time: 0.0120
Epoch 929  loss: 0.0002 acc: 1.0000 time0.0234
Epoch 929  loss: 0.0000 acc: 1.0000 Valid  loss: 8.7348  acc: 0.5000  macro_f1: 0.4267  micro_f1: 0.5000
Test  loss: 6.2248 acc: 0.6250 macro f1: 0.6134 macro precision: 0.6168 macro recall: 0.6178 time: 0.0123
Epoch 930  loss: 0.0002 acc: 1.0000 time0.0217
Epoch 930  loss: 0.0000 acc: 1.0000 Valid  loss: 8.7230  acc: 0.5000  macro_f1: 0.4267  micro_f1: 0.5000
Test  loss: 6.2255 acc: 0.6346 macro f1: 0.6228 macro precision: 0.6259 macro recall: 0.6274 time: 0.0118
Epoch 931  loss: 0.0006 acc: 1.0000 time0.0215
Epoch 931  loss: 0.0000 acc: 1.0000 Valid  loss: 8.6684  acc: 0.5000  macro_f1: 0.4267  micro_f1: 0.5000
Test  loss: 6.2268 acc: 0.6346 macro f1: 0.6228 macro precision: 0.6259 macro recall: 0.6274 time: 0.0123
Epoch 932  loss: 0.0008 acc: 1.0000 time0.0231
Epoch 932  loss: 0.0000 acc: 1.0000 Valid  loss: 8.6609  acc: 0.5000  macro_f1: 0.4267  micro_f1: 0.5000
Test  loss: 6.2104 acc: 0.6346 macro f1: 0.6228 macro precision: 0.6259 macro recall: 0.6274 time: 0.0122
Epoch 933  loss: 0.0003 acc: 1.0000 time0.0229
Epoch 933  loss: 0.0000 acc: 1.0000 Valid  loss: 8.6370  acc: 0.5000  macro_f1: 0.4267  micro_f1: 0.5000
Test  loss: 6.2051 acc: 0.6346 macro f1: 0.6228 macro precision: 0.6259 macro recall: 0.6274 time: 0.0125
Epoch 934  loss: 0.0002 acc: 1.0000 time0.0230
Epoch 934  loss: 0.0000 acc: 1.0000 Valid  loss: 8.6131  acc: 0.5000  macro_f1: 0.4267  micro_f1: 0.5000
Test  loss: 6.2051 acc: 0.6346 macro f1: 0.6228 macro precision: 0.6259 macro recall: 0.6274 time: 0.0126
Epoch 935  loss: 0.0002 acc: 1.0000 time0.0232
Epoch 935  loss: 0.0000 acc: 1.0000 Valid  loss: 8.5924  acc: 0.5000  macro_f1: 0.4267  micro_f1: 0.5000
Test  loss: 6.1985 acc: 0.6346 macro f1: 0.6228 macro precision: 0.6259 macro recall: 0.6274 time: 0.0134
Epoch 936  loss: 0.0005 acc: 1.0000 time0.0246
Epoch 936  loss: 0.0000 acc: 1.0000 Valid  loss: 8.5674  acc: 0.5000  macro_f1: 0.4267  micro_f1: 0.5000
Test  loss: 6.1919 acc: 0.6250 macro f1: 0.6105 macro precision: 0.6149 macro recall: 0.6140 time: 0.0134
Epoch 937  loss: 0.0004 acc: 1.0000 time0.0241
Epoch 937  loss: 0.0000 acc: 1.0000 Valid  loss: 8.5520  acc: 0.5000  macro_f1: 0.4267  micro_f1: 0.5000
Test  loss: 6.1836 acc: 0.6250 macro f1: 0.6105 macro precision: 0.6149 macro recall: 0.6140 time: 0.0128
Epoch 938  loss: 0.0002 acc: 1.0000 time0.0225
Epoch 938  loss: 0.0000 acc: 1.0000 Valid  loss: 8.5210  acc: 0.5000  macro_f1: 0.4267  micro_f1: 0.5000
Test  loss: 6.1834 acc: 0.6250 macro f1: 0.6105 macro precision: 0.6149 macro recall: 0.6140 time: 0.0127
Epoch 939  loss: 0.0003 acc: 1.0000 time0.0230
Epoch 939  loss: 0.0000 acc: 1.0000 Valid  loss: 8.5049  acc: 0.5000  macro_f1: 0.4267  micro_f1: 0.5000
Test  loss: 6.1695 acc: 0.6250 macro f1: 0.6105 macro precision: 0.6149 macro recall: 0.6140 time: 0.0129
Epoch 940  loss: 0.0001 acc: 1.0000 time0.0233
Epoch 940  loss: 0.0000 acc: 1.0000 Valid  loss: 8.4657  acc: 0.5000  macro_f1: 0.4267  micro_f1: 0.5000
Test  loss: 6.1757 acc: 0.6250 macro f1: 0.6105 macro precision: 0.6149 macro recall: 0.6140 time: 0.0125
Epoch 941  loss: 0.0010 acc: 1.0000 time0.0227
Epoch 941  loss: 0.0000 acc: 1.0000 Valid  loss: 8.4416  acc: 0.5000  macro_f1: 0.4267  micro_f1: 0.5000
Test  loss: 6.1934 acc: 0.6250 macro f1: 0.6105 macro precision: 0.6149 macro recall: 0.6140 time: 0.0128
Epoch 942  loss: 0.0001 acc: 1.0000 time0.0218
Epoch 942  loss: 0.0000 acc: 1.0000 Valid  loss: 8.4160  acc: 0.5000  macro_f1: 0.4267  micro_f1: 0.5000
Test  loss: 6.1879 acc: 0.6250 macro f1: 0.6105 macro precision: 0.6149 macro recall: 0.6140 time: 0.0123
Epoch 943  loss: 0.0001 acc: 1.0000 time0.0218
Epoch 943  loss: 0.0000 acc: 1.0000 Valid  loss: 8.2294  acc: 0.5000  macro_f1: 0.4267  micro_f1: 0.5000
Test  loss: 6.1929 acc: 0.6346 macro f1: 0.6197 macro precision: 0.6243 macro recall: 0.6235 time: 0.0120
Epoch 944  loss: 0.0007 acc: 1.0000 time0.0221
Epoch 944  loss: 0.0000 acc: 1.0000 Valid  loss: 8.2260  acc: 0.5000  macro_f1: 0.4267  micro_f1: 0.5000
Test  loss: 6.1931 acc: 0.6346 macro f1: 0.6197 macro precision: 0.6243 macro recall: 0.6235 time: 0.0124
Epoch 945  loss: 0.0002 acc: 1.0000 time0.0216
Epoch 945  loss: 0.0000 acc: 1.0000 Valid  loss: 8.2192  acc: 0.5000  macro_f1: 0.4267  micro_f1: 0.5000
Test  loss: 6.1860 acc: 0.6346 macro f1: 0.6203 macro precision: 0.6264 macro recall: 0.6235 time: 0.0118
Epoch 946  loss: 0.0004 acc: 1.0000 time0.0207
Epoch 946  loss: 0.0000 acc: 1.0000 Valid  loss: 8.2146  acc: 0.5000  macro_f1: 0.4267  micro_f1: 0.5000
Test  loss: 6.1910 acc: 0.6346 macro f1: 0.6203 macro precision: 0.6264 macro recall: 0.6235 time: 0.0123
Epoch 947  loss: 0.0001 acc: 1.0000 time0.0220
Epoch 947  loss: 0.0000 acc: 1.0000 Valid  loss: 8.2181  acc: 0.5000  macro_f1: 0.4267  micro_f1: 0.5000
Test  loss: 6.1928 acc: 0.6346 macro f1: 0.6203 macro precision: 0.6264 macro recall: 0.6235 time: 0.0125
Epoch 948  loss: 0.0004 acc: 1.0000 time0.0217
Epoch 948  loss: 0.0000 acc: 1.0000 Valid  loss: 8.2169  acc: 0.5000  macro_f1: 0.4267  micro_f1: 0.5000
Test  loss: 6.1914 acc: 0.6346 macro f1: 0.6203 macro precision: 0.6264 macro recall: 0.6235 time: 0.0119
Epoch 949  loss: 0.0001 acc: 1.0000 time0.0223
Epoch 949  loss: 0.0000 acc: 1.0000 Valid  loss: 8.2065  acc: 0.5000  macro_f1: 0.4267  micro_f1: 0.5000
Test  loss: 6.2126 acc: 0.6346 macro f1: 0.6203 macro precision: 0.6264 macro recall: 0.6235 time: 0.0119
Epoch 950  loss: 0.0003 acc: 1.0000 time0.0207
Epoch 950  loss: 0.0000 acc: 1.0000 Valid  loss: 8.2162  acc: 0.5000  macro_f1: 0.4267  micro_f1: 0.5000
Test  loss: 6.2139 acc: 0.6346 macro f1: 0.6203 macro precision: 0.6264 macro recall: 0.6235 time: 0.0123
Best validation: VALID ACC 0.5416666865348816  MACRO F1 0.43333333333333335 MICRO F1 0.5416666666666666 EPOCH 12
Best test: TEST ACC 0.7307692170143127 TEST F1 0.7141148325358851 TEST PRECISION 0.7302777453611857 TEST RECALL 0.7089610389610389 EPOCH 27
Epoch 951  loss: 0.0001 acc: 1.0000 time0.0236
Epoch 951  loss: 0.0000 acc: 1.0000 Valid  loss: 8.2241  acc: 0.5000  macro_f1: 0.4267  micro_f1: 0.5000
Test  loss: 6.1939 acc: 0.6250 macro f1: 0.6111 macro precision: 0.6164 macro recall: 0.6140 time: 0.0126
Epoch 952  loss: 0.0007 acc: 1.0000 time0.0255
Epoch 952  loss: 0.0000 acc: 1.0000 Valid  loss: 8.2478  acc: 0.5000  macro_f1: 0.4267  micro_f1: 0.5000
Test  loss: 6.2018 acc: 0.6154 macro f1: 0.6023 macro precision: 0.6081 macro recall: 0.6065 time: 0.0139
Epoch 953  loss: 0.0012 acc: 1.0000 time0.0263
Epoch 953  loss: 0.0000 acc: 1.0000 Valid  loss: 8.2844  acc: 0.5000  macro_f1: 0.4267  micro_f1: 0.5000
Test  loss: 6.1891 acc: 0.6154 macro f1: 0.6023 macro precision: 0.6081 macro recall: 0.6065 time: 0.0139
Epoch 954  loss: 0.0001 acc: 1.0000 time0.0234
Epoch 954  loss: 0.0000 acc: 1.0000 Valid  loss: 8.3394  acc: 0.5000  macro_f1: 0.4267  micro_f1: 0.5000
Test  loss: 6.1773 acc: 0.6250 macro f1: 0.6105 macro precision: 0.6149 macro recall: 0.6140 time: 0.0125
Epoch 955  loss: 0.0001 acc: 1.0000 time0.0235
Epoch 955  loss: 0.0000 acc: 1.0000 Valid  loss: 8.3275  acc: 0.5000  macro_f1: 0.4267  micro_f1: 0.5000
Test  loss: 6.1156 acc: 0.6250 macro f1: 0.6105 macro precision: 0.6149 macro recall: 0.6140 time: 0.0120
Epoch 956  loss: 0.0003 acc: 1.0000 time0.0232
Epoch 956  loss: 0.0000 acc: 1.0000 Valid  loss: 8.3306  acc: 0.5000  macro_f1: 0.4267  micro_f1: 0.5000
Test  loss: 6.1146 acc: 0.6250 macro f1: 0.6105 macro precision: 0.6149 macro recall: 0.6140 time: 0.0123
Epoch 957  loss: 0.0004 acc: 1.0000 time0.0236
Epoch 957  loss: 0.0000 acc: 1.0000 Valid  loss: 8.3699  acc: 0.5000  macro_f1: 0.4267  micro_f1: 0.5000
Test  loss: 6.1451 acc: 0.6154 macro f1: 0.6023 macro precision: 0.6081 macro recall: 0.6065 time: 0.0125
Epoch 958  loss: 0.0001 acc: 1.0000 time0.0216
Epoch 958  loss: 0.0000 acc: 1.0000 Valid  loss: 8.4090  acc: 0.5000  macro_f1: 0.4267  micro_f1: 0.5000
Test  loss: 6.1454 acc: 0.6250 macro f1: 0.6145 macro precision: 0.6189 macro recall: 0.6198 time: 0.0120
Epoch 959  loss: 0.0002 acc: 1.0000 time0.0217
Epoch 959  loss: 0.0000 acc: 1.0000 Valid  loss: 8.4247  acc: 0.5000  macro_f1: 0.4267  micro_f1: 0.5000
Test  loss: 6.1448 acc: 0.6250 macro f1: 0.6145 macro precision: 0.6189 macro recall: 0.6198 time: 0.0127
Epoch 960  loss: 0.0002 acc: 1.0000 time0.0215
Epoch 960  loss: 0.0000 acc: 1.0000 Valid  loss: 8.4278  acc: 0.5000  macro_f1: 0.4267  micro_f1: 0.5000
Test  loss: 6.1064 acc: 0.6250 macro f1: 0.6145 macro precision: 0.6189 macro recall: 0.6198 time: 0.0120
Epoch 961  loss: 0.0005 acc: 1.0000 time0.0218
Epoch 961  loss: 0.0000 acc: 1.0000 Valid  loss: 8.4537  acc: 0.5000  macro_f1: 0.4267  micro_f1: 0.5000
Test  loss: 6.1080 acc: 0.6250 macro f1: 0.6145 macro precision: 0.6189 macro recall: 0.6198 time: 0.0124
Epoch 962  loss: 0.0003 acc: 1.0000 time0.0214
Epoch 962  loss: 0.0000 acc: 1.0000 Valid  loss: 8.4758  acc: 0.5000  macro_f1: 0.4267  micro_f1: 0.5000
Test  loss: 6.1111 acc: 0.6250 macro f1: 0.6145 macro precision: 0.6189 macro recall: 0.6198 time: 0.0117
Epoch 963  loss: 0.0003 acc: 1.0000 time0.0221
Epoch 963  loss: 0.0000 acc: 1.0000 Valid  loss: 8.4871  acc: 0.5000  macro_f1: 0.4267  micro_f1: 0.5000
Test  loss: 6.1102 acc: 0.6250 macro f1: 0.6145 macro precision: 0.6189 macro recall: 0.6198 time: 0.0118
Epoch 964  loss: 0.0002 acc: 1.0000 time0.0211
Epoch 964  loss: 0.0000 acc: 1.0000 Valid  loss: 8.4964  acc: 0.5000  macro_f1: 0.4267  micro_f1: 0.5000
Test  loss: 6.1076 acc: 0.6250 macro f1: 0.6145 macro precision: 0.6189 macro recall: 0.6198 time: 0.0116
Epoch 965  loss: 0.0002 acc: 1.0000 time0.0230
Epoch 965  loss: 0.0000 acc: 1.0000 Valid  loss: 8.5025  acc: 0.5000  macro_f1: 0.4267  micro_f1: 0.5000
Test  loss: 6.1089 acc: 0.6250 macro f1: 0.6145 macro precision: 0.6189 macro recall: 0.6198 time: 0.0127
Epoch 966  loss: 0.0003 acc: 1.0000 time0.0235
Epoch 966  loss: 0.0000 acc: 1.0000 Valid  loss: 8.5004  acc: 0.5000  macro_f1: 0.4267  micro_f1: 0.5000
Test  loss: 6.1042 acc: 0.6250 macro f1: 0.6145 macro precision: 0.6189 macro recall: 0.6198 time: 0.0121
Epoch 967  loss: 0.0003 acc: 1.0000 time0.0223
Epoch 967  loss: 0.0000 acc: 1.0000 Valid  loss: 8.5114  acc: 0.5000  macro_f1: 0.4267  micro_f1: 0.5000
Test  loss: 6.1191 acc: 0.6250 macro f1: 0.6145 macro precision: 0.6189 macro recall: 0.6198 time: 0.0127
Epoch 968  loss: 0.0002 acc: 1.0000 time0.0224
Epoch 968  loss: 0.0000 acc: 1.0000 Valid  loss: 8.5216  acc: 0.5000  macro_f1: 0.4267  micro_f1: 0.5000
Test  loss: 6.1204 acc: 0.6250 macro f1: 0.6145 macro precision: 0.6189 macro recall: 0.6198 time: 0.0120
Epoch 969  loss: 0.0002 acc: 1.0000 time0.0208
Epoch 969  loss: 0.0000 acc: 1.0000 Valid  loss: 8.5090  acc: 0.5000  macro_f1: 0.4267  micro_f1: 0.5000
Test  loss: 6.1246 acc: 0.6250 macro f1: 0.6145 macro precision: 0.6189 macro recall: 0.6198 time: 0.0122
Epoch 970  loss: 0.0007 acc: 1.0000 time0.0208
Epoch 970  loss: 0.0000 acc: 1.0000 Valid  loss: 8.5122  acc: 0.5000  macro_f1: 0.4267  micro_f1: 0.5000
Test  loss: 6.1291 acc: 0.6346 macro f1: 0.6228 macro precision: 0.6259 macro recall: 0.6274 time: 0.0121
Epoch 971  loss: 0.0003 acc: 1.0000 time0.0229
Epoch 971  loss: 0.0000 acc: 1.0000 Valid  loss: 8.5171  acc: 0.5000  macro_f1: 0.4267  micro_f1: 0.5000
Test  loss: 6.1408 acc: 0.6346 macro f1: 0.6228 macro precision: 0.6259 macro recall: 0.6274 time: 0.0120
Epoch 972  loss: 0.0001 acc: 1.0000 time0.0230
Epoch 972  loss: 0.0000 acc: 1.0000 Valid  loss: 8.5419  acc: 0.5000  macro_f1: 0.4267  micro_f1: 0.5000
Test  loss: 6.1439 acc: 0.6346 macro f1: 0.6228 macro precision: 0.6259 macro recall: 0.6274 time: 0.0125
Epoch 973  loss: 0.0004 acc: 1.0000 time0.0219
Epoch 973  loss: 0.0000 acc: 1.0000 Valid  loss: 8.5421  acc: 0.5000  macro_f1: 0.4267  micro_f1: 0.5000
Test  loss: 6.1417 acc: 0.6346 macro f1: 0.6228 macro precision: 0.6259 macro recall: 0.6274 time: 0.0122
Epoch 974  loss: 0.0003 acc: 1.0000 time0.0218
Epoch 974  loss: 0.0000 acc: 1.0000 Valid  loss: 8.5355  acc: 0.5000  macro_f1: 0.4267  micro_f1: 0.5000
Test  loss: 6.1389 acc: 0.6346 macro f1: 0.6228 macro precision: 0.6259 macro recall: 0.6274 time: 0.0117
Epoch 975  loss: 0.0005 acc: 1.0000 time0.0228
Epoch 975  loss: 0.0000 acc: 1.0000 Valid  loss: 8.5387  acc: 0.5000  macro_f1: 0.4267  micro_f1: 0.5000
Test  loss: 6.1387 acc: 0.6346 macro f1: 0.6228 macro precision: 0.6259 macro recall: 0.6274 time: 0.0123
Epoch 976  loss: 0.0002 acc: 1.0000 time0.0214
Epoch 976  loss: 0.0000 acc: 1.0000 Valid  loss: 8.5183  acc: 0.5000  macro_f1: 0.4267  micro_f1: 0.5000
Test  loss: 6.1289 acc: 0.6346 macro f1: 0.6228 macro precision: 0.6259 macro recall: 0.6274 time: 0.0118
Epoch 977  loss: 0.0002 acc: 1.0000 time0.0224
Epoch 977  loss: 0.0000 acc: 1.0000 Valid  loss: 8.5154  acc: 0.5000  macro_f1: 0.4267  micro_f1: 0.5000
Test  loss: 6.1374 acc: 0.6346 macro f1: 0.6228 macro precision: 0.6259 macro recall: 0.6274 time: 0.0117
Epoch 978  loss: 0.0003 acc: 1.0000 time0.0225
Epoch 978  loss: 0.0000 acc: 1.0000 Valid  loss: 8.5122  acc: 0.5000  macro_f1: 0.4267  micro_f1: 0.5000
Test  loss: 6.1403 acc: 0.6346 macro f1: 0.6228 macro precision: 0.6259 macro recall: 0.6274 time: 0.0134
Epoch 979  loss: 0.0001 acc: 1.0000 time0.0287
Epoch 979  loss: 0.0000 acc: 1.0000 Valid  loss: 8.5202  acc: 0.5000  macro_f1: 0.4267  micro_f1: 0.5000
Test  loss: 6.1405 acc: 0.6346 macro f1: 0.6228 macro precision: 0.6259 macro recall: 0.6274 time: 0.0149
Epoch 980  loss: 0.0001 acc: 1.0000 time0.0219
Epoch 980  loss: 0.0000 acc: 1.0000 Valid  loss: 8.5183  acc: 0.5000  macro_f1: 0.4267  micro_f1: 0.5000
Test  loss: 6.1486 acc: 0.6346 macro f1: 0.6228 macro precision: 0.6259 macro recall: 0.6274 time: 0.0122
Epoch 981  loss: 0.0002 acc: 1.0000 time0.0209
Epoch 981  loss: 0.0000 acc: 1.0000 Valid  loss: 8.5137  acc: 0.5000  macro_f1: 0.4267  micro_f1: 0.5000
Test  loss: 6.1542 acc: 0.6346 macro f1: 0.6228 macro precision: 0.6259 macro recall: 0.6274 time: 0.0125
Epoch 982  loss: 0.0018 acc: 1.0000 time0.0221
Epoch 982  loss: 0.0000 acc: 1.0000 Valid  loss: 8.5866  acc: 0.5000  macro_f1: 0.4267  micro_f1: 0.5000
Test  loss: 6.1483 acc: 0.6346 macro f1: 0.6228 macro precision: 0.6259 macro recall: 0.6274 time: 0.0120
Epoch 983  loss: 0.0001 acc: 1.0000 time0.0221
Epoch 983  loss: 0.0000 acc: 1.0000 Valid  loss: 8.6519  acc: 0.5000  macro_f1: 0.4267  micro_f1: 0.5000
Test  loss: 6.1725 acc: 0.6250 macro f1: 0.6134 macro precision: 0.6168 macro recall: 0.6178 time: 0.0125
Epoch 984  loss: 0.0001 acc: 1.0000 time0.0221
Epoch 984  loss: 0.0000 acc: 1.0000 Valid  loss: 8.6735  acc: 0.5000  macro_f1: 0.4267  micro_f1: 0.5000
Test  loss: 6.1616 acc: 0.6250 macro f1: 0.6134 macro precision: 0.6168 macro recall: 0.6178 time: 0.0124
Epoch 985  loss: 0.0002 acc: 1.0000 time0.0217
Epoch 985  loss: 0.0000 acc: 1.0000 Valid  loss: 8.7378  acc: 0.5000  macro_f1: 0.4267  micro_f1: 0.5000
Test  loss: 6.1843 acc: 0.6250 macro f1: 0.6134 macro precision: 0.6168 macro recall: 0.6178 time: 0.0120
Epoch 986  loss: 0.0002 acc: 1.0000 time0.0227
Epoch 986  loss: 0.0000 acc: 1.0000 Valid  loss: 8.7689  acc: 0.5208  macro_f1: 0.4445  micro_f1: 0.5208
Test  loss: 6.2113 acc: 0.6250 macro f1: 0.6134 macro precision: 0.6168 macro recall: 0.6178 time: 0.0118
Epoch 987  loss: 0.0003 acc: 1.0000 time0.0213
Epoch 987  loss: 0.0000 acc: 1.0000 Valid  loss: 8.7896  acc: 0.5208  macro_f1: 0.4445  micro_f1: 0.5208
Test  loss: 6.2076 acc: 0.6250 macro f1: 0.6134 macro precision: 0.6168 macro recall: 0.6178 time: 0.0127
Epoch 988  loss: 0.0009 acc: 1.0000 time0.0224
Epoch 988  loss: 0.0000 acc: 1.0000 Valid  loss: 8.8110  acc: 0.5208  macro_f1: 0.4445  micro_f1: 0.5208
Test  loss: 6.2295 acc: 0.6250 macro f1: 0.6134 macro precision: 0.6168 macro recall: 0.6178 time: 0.0123
Epoch 989  loss: 0.0002 acc: 1.0000 time0.0225
Epoch 989  loss: 0.0000 acc: 1.0000 Valid  loss: 8.8031  acc: 0.5208  macro_f1: 0.4445  micro_f1: 0.5208
Test  loss: 6.2474 acc: 0.6250 macro f1: 0.6134 macro precision: 0.6168 macro recall: 0.6178 time: 0.0119
Epoch 990  loss: 0.0003 acc: 1.0000 time0.0219
Epoch 990  loss: 0.0000 acc: 1.0000 Valid  loss: 8.8504  acc: 0.5208  macro_f1: 0.4445  micro_f1: 0.5208
Test  loss: 6.2101 acc: 0.6250 macro f1: 0.6134 macro precision: 0.6168 macro recall: 0.6178 time: 0.0126
Epoch 991  loss: 0.0007 acc: 1.0000 time0.0220
Epoch 991  loss: 0.0000 acc: 1.0000 Valid  loss: 8.8087  acc: 0.5000  macro_f1: 0.4267  micro_f1: 0.5000
Test  loss: 6.2054 acc: 0.6250 macro f1: 0.6134 macro precision: 0.6168 macro recall: 0.6178 time: 0.0122
Epoch 992  loss: 0.0003 acc: 1.0000 time0.0216
Epoch 992  loss: 0.0000 acc: 1.0000 Valid  loss: 8.8002  acc: 0.5000  macro_f1: 0.4267  micro_f1: 0.5000
Test  loss: 6.1796 acc: 0.6250 macro f1: 0.6134 macro precision: 0.6168 macro recall: 0.6178 time: 0.0126
Epoch 993  loss: 0.0003 acc: 1.0000 time0.0220
Epoch 993  loss: 0.0000 acc: 1.0000 Valid  loss: 8.7737  acc: 0.5000  macro_f1: 0.4267  micro_f1: 0.5000
Test  loss: 6.1699 acc: 0.6250 macro f1: 0.6134 macro precision: 0.6168 macro recall: 0.6178 time: 0.0129
Epoch 994  loss: 0.0028 acc: 1.0000 time0.0234
Epoch 994  loss: 0.0000 acc: 1.0000 Valid  loss: 8.7057  acc: 0.5000  macro_f1: 0.4267  micro_f1: 0.5000
Test  loss: 6.1667 acc: 0.6250 macro f1: 0.6134 macro precision: 0.6168 macro recall: 0.6178 time: 0.0127
Epoch 995  loss: 0.0005 acc: 1.0000 time0.0222
Epoch 995  loss: 0.0000 acc: 1.0000 Valid  loss: 8.6148  acc: 0.5000  macro_f1: 0.4267  micro_f1: 0.5000
Test  loss: 6.1354 acc: 0.6250 macro f1: 0.6134 macro precision: 0.6168 macro recall: 0.6178 time: 0.0118
Epoch 996  loss: 0.0003 acc: 1.0000 time0.0214
Epoch 996  loss: 0.0000 acc: 1.0000 Valid  loss: 8.5143  acc: 0.5000  macro_f1: 0.4267  micro_f1: 0.5000
Test  loss: 6.1014 acc: 0.6442 macro f1: 0.6315 macro precision: 0.6341 macro recall: 0.6349 time: 0.0128
Epoch 997  loss: 0.0001 acc: 1.0000 time0.0213
Epoch 997  loss: 0.0000 acc: 1.0000 Valid  loss: 8.4048  acc: 0.5000  macro_f1: 0.4267  micro_f1: 0.5000
Test  loss: 6.0212 acc: 0.6346 macro f1: 0.6191 macro precision: 0.6230 macro recall: 0.6216 time: 0.0124
Epoch 998  loss: 0.0001 acc: 1.0000 time0.0220
Epoch 998  loss: 0.0000 acc: 1.0000 Valid  loss: 8.2893  acc: 0.5000  macro_f1: 0.4267  micro_f1: 0.5000
Test  loss: 5.9779 acc: 0.6442 macro f1: 0.6285 macro precision: 0.6330 macro recall: 0.6311 time: 0.0119
Epoch 999  loss: 0.0003 acc: 1.0000 time0.0213
Epoch 999  loss: 0.0000 acc: 1.0000 Valid  loss: 8.2331  acc: 0.5000  macro_f1: 0.4267  micro_f1: 0.5000
Test  loss: 5.9722 acc: 0.6538 macro f1: 0.6378 macro precision: 0.6434 macro recall: 0.6406 time: 0.0121
Epoch 1000  loss: 0.0004 acc: 1.0000 time0.0216
Epoch 1000  loss: 0.0000 acc: 1.0000 Valid  loss: 8.0883  acc: 0.5208  macro_f1: 0.4423  micro_f1: 0.5208
Test  loss: 5.9861 acc: 0.6442 macro f1: 0.6296 macro precision: 0.6368 macro recall: 0.6331 time: 0.0120
Best validation: VALID ACC 0.5416666865348816  MACRO F1 0.43333333333333335 MICRO F1 0.5416666666666666 EPOCH 12
Best test: TEST ACC 0.7307692170143127 TEST F1 0.7141148325358851 TEST PRECISION 0.7302777453611857 TEST RECALL 0.7089610389610389 EPOCH 27
