{
    "(0.8044757194647261, 0.8750373216750043, 0.7752276390922642)": {
        "seed": 119,
        "weigh_dacay": 0.0001,
        "lr": 0.001,
        "drop_out": 0.7,
        "threshold": 2.7
    }
}