{
    "(0.8006834650550635, 0.8817431091845586, 0.777367039841241)": {
        "seed": 119,
        "weigh_dacay": 0.0001,
        "lr": 0.001,
        "drop_out": 0.7,
        "threshold": 2.7
    }
}