{
    "(0.8472418381017146, 0.850155422475973, 0.8455325559197115)": {
        "seed": 119,
        "weigh_dacay": 0.0001,
        "lr": 0.001,
        "drop_out": 0.7,
        "threshold": 2.7
    }
}