{
    "(0.8758500387532081, 0.8982203180859819, 0.8609949339424761)": {
        "seed": 119,
        "weigh_dacay": 0.0001,
        "lr": 0.001,
        "drop_out": 0.7,
        "threshold": 2.7
    }
}