{
    "(0.5691809846867926, 0.6366003649311375, 0.552895298818126)": {
        "seed": 119,
        "weigh_dacay": 0.0001,
        "lr": 0.001,
        "drop_out": 0.7,
        "threshold": 2.7
    }
}