{
    "(0.6716022983540908, 0.692000305392671, 0.6624162571916816)": {
        "seed": 119,
        "weigh_dacay": 0.0001,
        "lr": 0.001,
        "drop_out": 0.7,
        "threshold": 2.7
    }
}