{
    "(0.44017859804337833, 0.48442529568207254, 0.4302546579627364)": {
        "seed": 119,
        "weigh_dacay": 0.0001,
        "lr": 0.001,
        "drop_out": 0.7,
        "threshold": 2.7
    }
}