{
    "(0.6906447914127244, 0.7044617467162896, 0.6808588183468446)": {
        "seed": 119,
        "weigh_dacay": 0.0001,
        "lr": 0.001,
        "drop_out": 0.7,
        "threshold": 2.7
    }
}