{
    "(0.6884098230100658, 0.7140091717276377, 0.676630545651287)": {
        "seed": 119,
        "weigh_dacay": 0.0001,
        "lr": 0.001,
        "drop_out": 0.7,
        "threshold": 2.7
    }
}