{
    "(0.6994271486953001, 0.7285154790396612, 0.6874088751855202)": {
        "seed": 119,
        "weigh_dacay": 0.0001,
        "lr": 0.001,
        "drop_out": 0.7,
        "threshold": 2.7
    }
}