{
    "(0.6892169291687514, 0.7268337754996196, 0.6743264635404654)": {
        "seed": 119,
        "weigh_dacay": 0.0001,
        "lr": 0.001,
        "drop_out": 0.7,
        "threshold": 2.7
    }
}