{
    "(0.14452234211119216, 0.16975181681064033, 0.17373807002454333)": {
        "seed": 119,
        "weigh_dacay": 0.0001,
        "lr": 0.001,
        "drop_out": 0.7,
        "threshold": 2.7
    }
}