{
    "(0.21182739228740277, 0.26973448658318505, 0.25833695746281926)": {
        "seed": 119,
        "weigh_dacay": 0.0001,
        "lr": 0.001,
        "drop_out": 0.7,
        "threshold": 2.7
    }
}