{
    "(0.3252372834668009, 0.3373718564560811, 0.39766868287434287)": {
        "seed": 119,
        "weigh_dacay": 0.0001,
        "lr": 0.001,
        "drop_out": 0.7,
        "threshold": 2.7
    }
}