{
    "(0.20078230621972584, 0.2240161775664601, 0.25678886544684604)": {
        "seed": 119,
        "weigh_dacay": 0.0001,
        "lr": 0.001,
        "drop_out": 0.7,
        "threshold": 2.7
    }
}