{
    "(0.30297656511649323, 0.3498641790497398, 0.3566748749414633)": {
        "seed": 119,
        "weigh_dacay": 0.0001,
        "lr": 0.001,
        "drop_out": 0.7,
        "threshold": 2.7
    }
}