{
    "(0.31205037800669116, 0.32572440459437363, 0.3672487912471754)": {
        "seed": 119,
        "weigh_dacay": 0.0001,
        "lr": 0.001,
        "drop_out": 0.7,
        "threshold": 2.7
    }
}