{
    "(0.6838570083032757, 0.691468253968254, 0.6843722943722943)": {
        "seed": 119,
        "weigh_dacay": 0.0001,
        "lr": 0.001,
        "drop_out": 0.7,
        "threshold": 2.7
    }
}