{
    "(0.7332173937936562, 0.7731481481481483, 0.7202164502164502)": {
        "seed": 119,
        "weigh_dacay": 0.0001,
        "lr": 0.001,
        "drop_out": 0.7,
        "threshold": 2.7
    }
}