{
    "(0.7512802873958572, 0.7538359788359789, 0.7490043290043289)": {
        "seed": 119,
        "weigh_dacay": 0.0001,
        "lr": 0.001,
        "drop_out": 0.7,
        "threshold": 2.7
    }
}