{
    "(0.7713130614180089, 0.7679231899478137, 0.7756709956709956)": {
        "seed": 119,
        "weigh_dacay": 0.0001,
        "lr": 0.001,
        "drop_out": 0.7,
        "threshold": 2.7
    }
}