{
    "(0.7179149130368643, 0.7161493477282951, 0.7244155844155844)": {
        "seed": 119,
        "weigh_dacay": 0.0001,
        "lr": 0.001,
        "drop_out": 0.7,
        "threshold": 2.7
    }
}