{
    "(0.4533754885196686, 0.20827790811326025)": {
        "seed": 119,
        "weigh_dacay": 0.0001,
        "lr": 0.001,
        "drop_out": 0.7,
        "threshold": 2.7
    }
}