{
    "(0.6850580790031104, 0.6827160493827161, 0.6880607315389925)": {
        "seed": 119,
        "weigh_dacay": 0.0001,
        "lr": 0.001,
        "drop_out": 0.7,
        "threshold": 2.7
    }
}