{
    "(0.7076202287446604, 0.7010101010101012, 0.7199660243138504)": {
        "seed": 119,
        "weigh_dacay": 0.0001,
        "lr": 0.001,
        "drop_out": 0.7,
        "threshold": 2.7
    }
}