{
    "(0.502590335586287, 0.5192577797822305, 0.5110288262462176)": {
        "seed": 119,
        "weigh_dacay": 0.0001,
        "lr": 0.001,
        "drop_out": 0.7,
        "threshold": 2.7
    }
}