{
    "(0.6902906554525341, 0.6935353535353536, 0.6877156659765356)": {
        "seed": 119,
        "weigh_dacay": 0.0001,
        "lr": 0.001,
        "drop_out": 0.7,
        "threshold": 2.7
    }
}{
    "(0.5034363000464696, 0.4675943495677841, 0.5460662525879917)": {
        "seed": 119,
        "weigh_dacay": 0.0001,
        "lr": 0.001,
        "drop_out": 0.7,
        "threshold": 2.7
    }
}{
    "(0.7244301368972131, 0.7229363659596219, 0.7269867813346075)": {
        "seed": 119,
        "weigh_dacay": 0.0001,
        "lr": 0.001,
        "drop_out": 0.7,
        "threshold": 2.7
    }
}