{
    "(0.7222484507672724, 0.7314468211527035, 0.7158385093167702)": {
        "seed": 119,
        "weigh_dacay": 0.0001,
        "lr": 0.001,
        "drop_out": 0.7,
        "threshold": 2.7
    }
}