{
    "(0.7021164021164022, 0.6970867942698927, 0.7096804162021554)": {
        "seed": 119,
        "weigh_dacay": 0.0001,
        "lr": 0.001,
        "drop_out": 0.7,
        "threshold": 2.7
    }
}