{
    "(0.7120903954802259, 0.6946115567439097, 0.7495590828924162)": {
        "seed": 119,
        "weigh_dacay": 0.0001,
        "lr": 0.001,
        "drop_out": 0.7,
        "threshold": 2.7
    }
}