{
    "(0.7213226114415804, 0.7431764453041049, 0.7060778727445394)": {
        "seed": 119,
        "weigh_dacay": 0.0001,
        "lr": 0.001,
        "drop_out": 0.7,
        "threshold": 2.7
    }
}