{
    "(0.7395050125313284, 0.7192804526529305, 0.7857142857142857)": {
        "seed": 119,
        "weigh_dacay": 0.0001,
        "lr": 0.001,
        "drop_out": 0.7,
        "threshold": 2.7
    }
}