{
    "(0.7405945723558901, 0.7313556067588326, 0.7742504409171076)": {
        "seed": 119,
        "weigh_dacay": 0.0001,
        "lr": 0.001,
        "drop_out": 0.7,
        "threshold": 2.7
    }
}