{
    "(0.7446833930704898, 0.7342670401493931, 0.7865961199294533)": {
        "seed": 119,
        "weigh_dacay": 0.0001,
        "lr": 0.001,
        "drop_out": 0.7,
        "threshold": 2.7
    }
}