{
    "(0.7414763901832867, 0.7240379173740803, 0.7901234567901234)": {
        "seed": 119,
        "weigh_dacay": 0.0001,
        "lr": 0.001,
        "drop_out": 0.7,
        "threshold": 2.7
    }
}